source_type,source_id,user_id,aksi,status,device,ip_address,durasi_ms,jumlah_objek,waktu,is_anomali,risk_level_source,candidate_type
REAL_DB,real_db_67,1,SETUP_2FA_GENERATE,SUCCESS,unknown,unknown,0.0,1.0,2026-07-05 22:03:14.091000,False,LOW,NORMAL
REAL_DB,real_db_257,84,CREATE_PERKARA,SUCCESS,unknown,unknown,0.0,1.0,2026-07-21 08:02:14.129000,False,LOW,NORMAL
REAL_DB,real_db_200,8,LOGOUT,SUCCESS,unknown,unknown,0.0,1.0,2026-07-09 02:01:16.350000,False,LOW,NORMAL
REAL_DB,real_db_106,1,CREATE_PERKARA,SUCCESS,unknown,unknown,0.0,1.0,2026-07-08 22:44:48.774000,False,LOW,NORMAL
REAL_DB,real_db_155,6,UPDATE_LEMARI,SUCCESS,unknown,unknown,0.0,1.0,2026-07-09 00:38:33.503000,False,LOW,NORMAL
REAL_DB,real_db_162,8,AJUKAN_PEMINJAMAN,SUCCESS,unknown,unknown,0.0,1.0,2026-07-09 00:38:43.414000,False,LOW,NORMAL
REAL_DB,real_db_145,6,CREATE_LEMARI,SUCCESS,unknown,unknown,0.0,1.0,2026-07-09 00:26:19.943000,False,LOW,NORMAL
REAL_DB,real_db_368,1,CREATE_BERKAS,SUCCESS,unknown,unknown,0.0,1.0,2026-08-02 13:14:38.655000,False,LOW,NORMAL
REAL_DB,real_db_408,1,LOGIN_SUCCESS,SUCCESS,unknown,unknown,0.0,1.0,2026-08-09 14:38:18.859000,False,LOW,NORMAL
REAL_DB,real_db_312,84,DELETE_PEMINJAMAN,SUCCESS,unknown,unknown,0.0,1.0,2026-07-21 08:17:17.872000,False,LOW,NORMAL
REAL_DB,real_db_268,84,ACCESS_BERKAS_FILE,SUCCESS,unknown,unknown,0.0,1.0,2026-07-21 08:10:38.651000,False,LOW,NORMAL
REAL_DB,real_db_411,1,LOGIN_SUCCESS,SUCCESS,unknown,unknown,0.0,1.0,2026-08-15 16:45:47.177000,False,LOW,NORMAL
REAL_DB,real_db_133,1,UPDATE_BERKAS,SUCCESS,unknown,unknown,0.0,1.0,2026-07-08 23:04:52.980000,False,LOW,NORMAL
REAL_DB,real_db_115,1,UPDATE_USER,SUCCESS,unknown,unknown,0.0,1.0,2026-07-08 22:59:38.653000,False,LOW,NORMAL
REAL_DB,real_db_353,1,DELETE_USER,SUCCESS,unknown,unknown,0.0,1.0,2026-08-01 21:05:42.891000,False,LOW,NORMAL
REAL_DB,real_db_198,6,LOGOUT,SUCCESS,unknown,unknown,0.0,1.0,2026-07-09 02:00:40.322000,False,LOW,NORMAL
REAL_DB,real_db_185,1,DELETE_LEMARI,SUCCESS,unknown,unknown,0.0,1.0,2026-07-09 00:46:23.161000,False,LOW,NORMAL
REAL_DB,real_db_419,1,LOGIN_SUCCESS,SUCCESS,unknown,unknown,0.0,1.0,2026-08-15 20:47:26.580000,False,LOW,NORMAL
REAL_DB,real_db_143,1,CREATE_USER,SUCCESS,unknown,unknown,0.0,1.0,2026-07-09 00:26:17.006000,False,LOW,NORMAL
REAL_DB,real_db_270,84,EXPORT_VERIFICATION_REPORT,SUCCESS,unknown,unknown,0.0,1.0,2026-07-21 08:10:39.375000,False,LOW,NORMAL
REAL_DB,real_db_60,1,CREATE_USER,SUCCESS,unknown,unknown,0.0,1.0,2026-07-05 20:44:33.771000,False,LOW,NORMAL
REAL_DB,real_db_102,1,DELETE_PERKARA,SUCCESS,unknown,unknown,0.0,1.0,2026-07-08 22:36:10.037000,False,LOW,NORMAL
REAL_DB,real_db_180,6,DELETE_PEMINJAMAN,SUCCESS,unknown,unknown,0.0,1.0,2026-07-09 00:46:06.581000,False,LOW,NORMAL
REAL_DB,real_db_398,6,LOGOUT,SUCCESS,unknown,unknown,0.0,1.0,2026-08-02 13:22:58.059000,False,LOW,NORMAL
REAL_DB,real_db_85,6,CREATE_LEMARI,SUCCESS,unknown,unknown,0.0,1.0,2026-07-08 13:03:39.127000,False,LOW,NORMAL
REAL_DB,real_db_171,6,CREATE_PERKARA,SUCCESS,unknown,unknown,0.0,1.0,2026-07-09 00:45:56.379000,False,LOW,NORMAL
REAL_DB,real_db_381,6,ACCESS_BERKAS_FILE,SUCCESS,unknown,unknown,0.0,1.0,2026-08-02 13:21:03.084000,False,LOW,NORMAL
REAL_DB,real_db_349,1,UPDATE_USER,SUCCESS,unknown,unknown,0.0,1.0,2026-08-01 20:57:38.538000,False,LOW,NORMAL
REAL_DB,real_db_370,1,ACCESS_BERKAS_FILE,SUCCESS,unknown,unknown,0.0,1.0,2026-08-02 13:14:39.704000,False,LOW,NORMAL
REAL_DB,real_db_330,8,AKTIVASI_OTP,SUCCESS,unknown,unknown,0.0,1.0,2026-07-28 16:11:26.437000,False,LOW,NORMAL
REAL_DB,real_db_355,1,LOGOUT,SUCCESS,unknown,unknown,0.0,1.0,2026-08-01 23:39:51.742000,False,LOW,NORMAL
REAL_DB,real_db_389,6,ACCESS_BERKAS_FILE,SUCCESS,unknown,unknown,0.0,1.0,2026-08-02 13:21:47.802000,False,LOW,NORMAL
REAL_DB,real_db_303,84,VERIFIKASI_INTEGRITAS_BERKAS,VALID,axios/1.18.1,::ffff:127.0.0.1,0.0,1.0,2026-07-21 08:17:14.693000,False,LOW,NORMAL
REAL_DB,real_db_325,1,LOGIN_SUCCESS,SUCCESS,unknown,unknown,0.0,1.0,2026-07-21 15:14:53.674000,False,LOW,NORMAL
REAL_DB,real_db_364,1,CREATE_BERKAS,SUCCESS,unknown,unknown,0.0,1.0,2026-08-02 13:09:01.624000,False,LOW,NORMAL
REAL_DB,real_db_402,1,ACCESS_BERKAS_FILE,SUCCESS,unknown,unknown,0.0,1.0,2026-08-09 11:40:50.906000,False,LOW,NORMAL
REAL_DB,real_db_275,84,DELETE_USER,SUCCESS,unknown,unknown,0.0,1.0,2026-07-21 08:13:55.315000,False,LOW,NORMAL
REAL_DB,real_db_117,1,DISABLE_2FA_EMAIL_CHANGED,SUCCESS,unknown,unknown,0.0,1.0,2026-07-08 22:59:39.423000,False,LOW,NORMAL
REAL_DB,real_db_93,6,UPDATE_RAK,SUCCESS,unknown,unknown,0.0,1.0,2026-07-08 19:43:51.858000,False,LOW,NORMAL
REAL_DB,real_db_123,1,UPDATE_BERKAS,SUCCESS,unknown,unknown,0.0,1.0,2026-07-08 22:59:52.983000,False,LOW,NORMAL
REAL_DB,real_db_261,84,DELETE_USER,SUCCESS,unknown,unknown,0.0,1.0,2026-07-21 08:10:36.356000,False,LOW,NORMAL
REAL_DB,real_db_390,6,ACCESS_BERKAS_FILE,SUCCESS,unknown,unknown,0.0,1.0,2026-08-02 13:21:47.804000,False,LOW,NORMAL
REAL_DB,real_db_269,84,VERIFIKASI_INTEGRITAS_BERKAS,VALID,axios/1.18.1,::ffff:127.0.0.1,0.0,1.0,2026-07-21 08:10:38.873000,False,LOW,NORMAL
REAL_DB,real_db_172,6,CREATE_PERKARA,SUCCESS,unknown,unknown,0.0,1.0,2026-07-09 00:45:56.917000,False,LOW,NORMAL
REAL_DB,real_db_394,6,ACCESS_BERKAS_FILE,SUCCESS,unknown,unknown,0.0,1.0,2026-08-02 13:21:50.477000,False,LOW,NORMAL
REAL_DB,real_db_105,1,UPDATE_RAK,SUCCESS,unknown,unknown,0.0,1.0,2026-07-08 22:44:48.643000,False,LOW,NORMAL
REAL_DB,real_db_315,84,DELETE_PERKARA,SUCCESS,unknown,unknown,0.0,1.0,2026-07-21 08:17:18.338000,False,LOW,NORMAL
REAL_DB,real_db_407,1,LOGIN_SUCCESS,SUCCESS,unknown,unknown,0.0,1.0,2026-08-09 14:07:57.763000,False,LOW,NORMAL
REAL_DB,real_db_201,8,LOGIN_SUCCESS,SUCCESS,unknown,unknown,0.0,1.0,2026-07-09 02:05:29.231000,False,LOW,NORMAL
REAL_DB,real_db_240,6,LOGIN_SUCCESS,SUCCESS,unknown,unknown,0.0,1.0,2026-07-15 01:53:09.721000,False,LOW,NORMAL
REAL_DB,real_db_151,6,CREATE_PERKARA,SUCCESS,unknown,unknown,0.0,1.0,2026-07-09 00:34:54.592000,False,LOW,NORMAL
REAL_DB,real_db_74,1,LOGOUT,SUCCESS,unknown,unknown,0.0,1.0,2026-07-05 22:07:04.484000,False,LOW,NORMAL
REAL_DB,real_db_139,1,DELETE_BERKAS,SUCCESS,unknown,unknown,0.0,1.0,2026-07-08 23:04:55.344000,False,LOW,NORMAL
REAL_DB,real_db_237,6,LOGIN_SUCCESS,SUCCESS,unknown,unknown,0.0,1.0,2026-07-13 15:51:31.553000,False,LOW,NORMAL
REAL_DB,real_db_62,1,LOGOUT,SUCCESS,unknown,unknown,0.0,1.0,2026-07-05 20:51:08.105000,False,LOW,NORMAL
REAL_DB,real_db_138,1,UPDATE_PEMINJAMAN,SUCCESS,unknown,unknown,0.0,1.0,2026-07-08 23:04:55.238000,False,LOW,NORMAL
REAL_DB,real_db_238,6,LOGIN_SUCCESS,SUCCESS,unknown,unknown,0.0,1.0,2026-07-13 15:51:46.508000,False,LOW,NORMAL
REAL_DB,real_db_405,1,ACCESS_BERKAS_FILE,SUCCESS,unknown,unknown,0.0,1.0,2026-08-09 11:40:52.376000,False,LOW,NORMAL
REAL_DB,real_db_382,6,ACCESS_BERKAS_FILE,SUCCESS,unknown,unknown,0.0,1.0,2026-08-02 13:21:03.163000,False,LOW,NORMAL
REAL_DB,real_db_256,84,UPDATE_RAK,SUCCESS,unknown,unknown,0.0,1.0,2026-07-21 08:02:13.261000,False,LOW,NORMAL
REAL_DB,real_db_58,1,LOGIN_SUCCESS,SUCCESS,unknown,unknown,0.0,1.0,2026-07-05 20:34:12.050000,False,LOW,NORMAL
REAL_DB,real_db_266,84,UPDATE_PERKARA,SUCCESS,unknown,unknown,0.0,1.0,2026-07-21 08:10:38.119000,False,LOW,NORMAL
REAL_DB,real_db_265,84,CREATE_PERKARA,SUCCESS,unknown,unknown,0.0,1.0,2026-07-21 08:10:37.720000,False,LOW,NORMAL
REAL_DB,real_db_343,1,LOGIN_SUCCESS,SUCCESS,unknown,unknown,0.0,1.0,2026-08-01 20:35:11.395000,False,LOW,NORMAL
REAL_DB,real_db_120,1,UPDATE_PERKARA,SUCCESS,unknown,unknown,0.0,1.0,2026-07-08 22:59:46.353000,False,LOW,NORMAL
REAL_DB,real_db_367,1,ACCESS_BERKAS_FILE,SUCCESS,unknown,unknown,0.0,1.0,2026-08-02 13:09:18.562000,False,LOW,NORMAL
REAL_DB,real_db_136,1,PINJAM,SUCCESS,unknown,unknown,0.0,1.0,2026-07-08 23:04:54.730000,False,LOW,NORMAL
REAL_DB,real_db_277,84,UPDATE_LEMARI,SUCCESS,unknown,unknown,0.0,1.0,2026-07-21 08:13:56.401000,False,LOW,NORMAL
REAL_DB,real_db_77,6,SETUP_2FA_GENERATE,SUCCESS,unknown,unknown,0.0,1.0,2026-07-05 22:09:40.643000,False,LOW,NORMAL
REAL_DB,real_db_84,6,LOGIN_SUCCESS,SUCCESS,unknown,unknown,0.0,1.0,2026-07-08 13:00:31.078000,False,LOW,NORMAL
REAL_DB,real_db_273,84,CREATE_USER,SUCCESS,unknown,unknown,0.0,1.0,2026-07-21 08:13:53.765000,False,LOW,NORMAL
REAL_DB,real_db_179,6,PENGEMBALIAN,SUCCESS,unknown,unknown,0.0,1.0,2026-07-09 00:46:05.609000,False,LOW,NORMAL
REAL_DB,real_db_324,1,LOGIN_SUCCESS,SUCCESS,unknown,unknown,0.0,1.0,2026-07-21 15:14:48.394000,False,LOW,NORMAL
REAL_DB,real_db_137,1,PENGEMBALIAN,SUCCESS,unknown,unknown,0.0,1.0,2026-07-08 23:04:55.142000,False,LOW,NORMAL
REAL_DB,real_db_169,6,UPDATE_LEMARI,SUCCESS,unknown,unknown,0.0,1.0,2026-07-09 00:45:53.230000,False,LOW,NORMAL
REAL_DB,real_db_302,84,ACCESS_BERKAS_FILE,SUCCESS,unknown,unknown,0.0,1.0,2026-07-21 08:17:14.575000,False,LOW,NORMAL
REAL_DB,real_db_193,8,AKTIVASI_OTP,SUCCESS,unknown,unknown,0.0,1.0,2026-07-09 01:55:44.501000,False,LOW,NORMAL
REAL_DB,real_db_174,6,CREATE_BERKAS,SUCCESS,unknown,unknown,0.0,1.0,2026-07-09 00:46:01.600000,False,LOW,NORMAL
REAL_DB,real_db_414,1,UPDATE_PERKARA,SUCCESS,unknown,unknown,0.0,1.0,2026-08-15 19:02:11.307000,False,LOW,NORMAL
REAL_DB,real_db_187,6,LOGIN_SUCCESS,SUCCESS,unknown,unknown,0.0,1.0,2026-07-09 01:43:47.874000,False,LOW,NORMAL
REAL_DB,real_db_400,1,ACCESS_BERKAS_FILE,SUCCESS,unknown,unknown,0.0,1.0,2026-08-09 11:40:50.612000,False,LOW,NORMAL
REAL_DB,real_db_175,8,ACCESS_BERKAS_FILE,SUCCESS,unknown,unknown,0.0,1.0,2026-07-09 00:46:03.215000,False,LOW,NORMAL
REAL_DB,real_db_346,1,LOGIN_SUCCESS,SUCCESS,unknown,unknown,0.0,1.0,2026-08-01 20:35:27.839000,False,LOW,NORMAL
REAL_DB,real_db_91,6,LOGIN_SUCCESS,SUCCESS,unknown,unknown,0.0,1.0,2026-07-08 19:42:48.619000,False,LOW,NORMAL
REAL_DB,real_db_316,84,DELETE_RAK,SUCCESS,unknown,unknown,0.0,1.0,2026-07-21 08:17:18.455000,False,LOW,NORMAL
REAL_DB,real_db_289,85,PENGEMBALIAN,SUCCESS,unknown,unknown,0.0,1.0,2026-07-21 08:14:00.051000,False,LOW,NORMAL
REAL_DB,real_db_245,1,LOGIN_SUCCESS,SUCCESS,unknown,unknown,0.0,1.0,2026-07-21 00:31:50.466000,False,LOW,NORMAL
REAL_DB,real_db_320,1,KEPUTUSAN_ANOMALI_DITERIMA,SUCCESS,unknown,unknown,0.0,1.0,2026-07-21 08:55:06.599000,False,LOW,NORMAL
REAL_DB,real_db_170,6,UPDATE_RAK,SUCCESS,unknown,unknown,0.0,1.0,2026-07-09 00:45:54.696000,False,LOW,NORMAL
REAL_DB,real_db_236,6,LOGIN_SUCCESS,SUCCESS,unknown,unknown,0.0,1.0,2026-07-13 11:55:45.091000,False,LOW,NORMAL
REAL_DB,real_db_119,1,CREATE_PERKARA,SUCCESS,unknown,unknown,0.0,1.0,2026-07-08 22:59:42.257000,False,LOW,NORMAL
REAL_DB,real_db_177,6,SETUJUI_PEMINJAMAN,SUCCESS,unknown,unknown,0.0,1.0,2026-07-09 00:46:04.031000,False,LOW,NORMAL
REAL_DB,real_db_73,1,UPDATE_USER,SUCCESS,unknown,unknown,0.0,1.0,2026-07-05 22:07:01.323000,False,LOW,NORMAL
REAL_DB,real_db_61,1,CREATE_USER,SUCCESS,unknown,unknown,0.0,1.0,2026-07-05 20:50:26.306000,False,LOW,NORMAL
REAL_DB,real_db_296,84,CREATE_LEMARI,SUCCESS,unknown,unknown,0.0,1.0,2026-07-21 08:17:12.781000,False,LOW,NORMAL
REAL_DB,real_db_154,6,CREATE_LEMARI,SUCCESS,unknown,unknown,0.0,1.0,2026-07-09 00:38:32.819000,False,LOW,NORMAL
REAL_DB,real_db_90,6,LOGIN_SUCCESS,SUCCESS,unknown,unknown,0.0,1.0,2026-07-08 18:59:48.228000,False,LOW,NORMAL
REAL_DB,real_db_82,6,LOGIN_SUCCESS,SUCCESS,unknown,unknown,0.0,1.0,2026-07-08 10:14:41.372000,False,LOW,NORMAL
REAL_DB,real_db_373,1,ACCESS_BERKAS_FILE,SUCCESS,unknown,unknown,0.0,1.0,2026-08-02 13:17:08.570000,False,LOW,NORMAL
REAL_DB,real_db_348,1,CREATE_USER,SUCCESS,unknown,unknown,0.0,1.0,2026-08-01 20:53:05.899000,False,LOW,NORMAL
REAL_DB,real_db_116,1,CREATE_LEMARI,SUCCESS,unknown,unknown,0.0,1.0,2026-07-08 22:59:39.320000,False,LOW,NORMAL
REAL_DB,real_db_314,84,DELETE_BERKAS,SUCCESS,unknown,unknown,0.0,1.0,2026-07-21 08:17:18.258000,False,LOW,NORMAL
REAL_DB,real_db_68,1,AKTIVASI_OTP,SUCCESS,unknown,unknown,0.0,1.0,2026-07-05 22:03:50.488000,False,LOW,NORMAL
REAL_DB,real_db_304,84,EXPORT_VERIFICATION_REPORT,SUCCESS,unknown,unknown,0.0,1.0,2026-07-21 08:17:15.427000,False,LOW,NORMAL
REAL_DB,real_db_313,84,DELETE_PEMINJAMAN,SUCCESS,unknown,unknown,0.0,1.0,2026-07-21 08:17:18.170000,False,LOW,NORMAL
REAL_DB,real_db_142,1,DELETE_USER,SUCCESS,unknown,unknown,0.0,1.0,2026-07-08 23:04:57.587000,False,LOW,NORMAL
REAL_DB,real_db_360,1,LOGIN_SUCCESS,SUCCESS,unknown,unknown,0.0,1.0,2026-08-01 23:42:37.330000,False,LOW,NORMAL
REAL_DB,real_db_99,1,UPDATE_RAK,SUCCESS,unknown,unknown,0.0,1.0,2026-07-08 22:36:08.099000,False,LOW,NORMAL
REAL_DB,real_db_321,1,LOGIN_SUCCESS,SUCCESS,unknown,unknown,0.0,1.0,2026-07-21 12:14:14.320000,False,LOW,NORMAL
REAL_DB,real_db_165,6,PENGEMBALIAN,SUCCESS,unknown,unknown,0.0,1.0,2026-07-09 00:38:48.050000,False,LOW,NORMAL
REAL_DB,real_db_246,1,LOGIN_SUCCESS,SUCCESS,unknown,unknown,0.0,1.0,2026-07-21 00:31:59.008000,False,LOW,NORMAL
REAL_DB,real_db_417,1,LOGIN_SUCCESS,SUCCESS,unknown,unknown,0.0,1.0,2026-08-15 20:34:49.684000,False,LOW,NORMAL
REAL_DB,real_db_351,1,UPDATE_USER,SUCCESS,unknown,unknown,0.0,1.0,2026-08-01 21:01:07.041000,False,LOW,NORMAL
REAL_DB,real_db_260,84,UPDATE_USER,SUCCESS,unknown,unknown,0.0,1.0,2026-07-21 08:10:36.304000,False,LOW,NORMAL
REAL_DB,real_db_250,84,LOGOUT,SUCCESS,unknown,unknown,0.0,1.0,2026-07-21 08:02:10.476000,False,LOW,NORMAL
REAL_DB,real_db_126,1,DISABLE_2FA_EMAIL_CHANGED,SUCCESS,unknown,unknown,0.0,1.0,2026-07-08 23:04:47.063000,False,LOW,NORMAL
REAL_DB,real_db_297,84,UPDATE_LEMARI,SUCCESS,unknown,unknown,0.0,1.0,2026-07-21 08:17:12.910000,False,LOW,NORMAL
REAL_DB,real_db_78,6,SETUP_2FA_GENERATE,SUCCESS,unknown,unknown,0.0,1.0,2026-07-05 22:09:40.927000,False,LOW,NORMAL
REAL_DB,real_db_404,1,ACCESS_BERKAS_FILE,SUCCESS,unknown,unknown,0.0,1.0,2026-08-09 11:40:52.321000,False,LOW,NORMAL
REAL_DB,real_db_339,1,SETUP_2FA_GENERATE,SUCCESS,unknown,unknown,0.0,1.0,2026-07-30 14:10:22.433000,False,LOW,NORMAL
REAL_DB,real_db_79,6,AKTIVASI_OTP,SUCCESS,unknown,unknown,0.0,1.0,2026-07-05 22:10:11.319000,False,LOW,NORMAL
REAL_DB,real_db_258,84,LOGOUT,SUCCESS,unknown,unknown,0.0,1.0,2026-07-21 08:10:34.935000,False,LOW,NORMAL
REAL_DB,real_db_153,1,UPDATE_USER,SUCCESS,unknown,unknown,0.0,1.0,2026-07-09 00:38:31.416000,False,LOW,NORMAL
REAL_DB,real_db_140,1,DELETE_PERKARA,SUCCESS,unknown,unknown,0.0,1.0,2026-07-08 23:04:55.455000,False,LOW,NORMAL
REAL_DB,real_db_129,1,CREATE_PERKARA,SUCCESS,unknown,unknown,0.0,1.0,2026-07-08 23:04:49.641000,False,LOW,NORMAL
REAL_DB,real_db_251,84,CREATE_USER,SUCCESS,unknown,unknown,0.0,1.0,2026-07-21 08:02:11.215000,False,LOW,NORMAL
REAL_DB,real_db_295,84,DELETE_USER,SUCCESS,unknown,unknown,0.0,1.0,2026-07-21 08:17:12.361000,False,LOW,NORMAL
REAL_DB,real_db_132,1,ACCESS_BERKAS_FILE,SUCCESS,unknown,unknown,0.0,1.0,2026-07-08 23:04:52.289000,False,LOW,NORMAL
REAL_DB,real_db_157,6,CREATE_PERKARA,SUCCESS,unknown,unknown,0.0,1.0,2026-07-09 00:38:36.053000,False,LOW,NORMAL
REAL_DB,real_db_158,6,CREATE_PERKARA,SUCCESS,unknown,unknown,0.0,1.0,2026-07-09 00:38:37.633000,False,LOW,NORMAL
REAL_DB,real_db_385,6,ACCESS_BERKAS_FILE,SUCCESS,unknown,unknown,0.0,1.0,2026-08-02 13:21:03.982000,False,LOW,NORMAL
REAL_DB,real_db_128,1,UPDATE_RAK,SUCCESS,unknown,unknown,0.0,1.0,2026-07-08 23:04:48.148000,False,LOW,NORMAL
REAL_DB,real_db_83,6,LOGIN_SUCCESS,SUCCESS,unknown,unknown,0.0,1.0,2026-07-08 10:14:52.395000,False,LOW,NORMAL
REAL_DB,real_db_97,1,UPDATE_RAK,SUCCESS,unknown,unknown,0.0,1.0,2026-07-08 21:55:29.012000,False,LOW,NORMAL
REAL_DB,real_db_332,8,SETUP_2FA_GENERATE,SUCCESS,unknown,unknown,0.0,1.0,2026-07-28 17:28:50.392000,False,LOW,NORMAL
REAL_DB,real_db_127,1,CREATE_LEMARI,SUCCESS,unknown,unknown,0.0,1.0,2026-07-08 23:04:47.181000,False,LOW,NORMAL
REAL_DB,real_db_377,1,LOGOUT,SUCCESS,unknown,unknown,0.0,1.0,2026-08-02 13:18:34.879000,False,LOW,NORMAL
REAL_DB,real_db_287,85,SETUJUI_PEMINJAMAN,SUCCESS,unknown,unknown,0.0,1.0,2026-07-21 08:13:59.836000,False,LOW,NORMAL
REAL_DB,real_db_186,1,DELETE_USER,SUCCESS,unknown,unknown,0.0,1.0,2026-07-09 00:46:23.572000,False,LOW,NORMAL
REAL_DB,real_db_286,86,AJUKAN_PEMINJAMAN,SUCCESS,unknown,unknown,0.0,1.0,2026-07-21 08:13:59.166000,False,LOW,NORMAL
REAL_DB,real_db_147,1,UPDATE_USER,SUCCESS,unknown,unknown,0.0,1.0,2026-07-09 00:34:43.927000,False,LOW,NORMAL
REAL_DB,real_db_371,1,ACCESS_BERKAS_FILE,SUCCESS,unknown,unknown,0.0,1.0,2026-08-02 13:14:45.383000,False,LOW,NORMAL
REAL_DB,real_db_288,85,PINJAM,SUCCESS,unknown,unknown,0.0,1.0,2026-07-21 08:13:59.915000,False,LOW,NORMAL
REAL_DB,real_db_372,1,CREATE_BERKAS,SUCCESS,unknown,unknown,0.0,1.0,2026-08-02 13:17:07.355000,False,LOW,NORMAL
REAL_DB,real_db_239,6,LOGIN_SUCCESS,SUCCESS,unknown,unknown,0.0,1.0,2026-07-13 20:46:44.196000,False,LOW,NORMAL
REAL_DB,real_db_337,1,SETUP_2FA_GENERATE,SUCCESS,unknown,unknown,0.0,1.0,2026-07-28 22:42:26.001000,False,LOW,NORMAL
REAL_DB,real_db_241,6,LOGOUT,SUCCESS,unknown,unknown,0.0,1.0,2026-07-15 01:54:30.521000,False,LOW,NORMAL
REAL_DB,real_db_317,84,DELETE_RAK,SUCCESS,unknown,unknown,0.0,1.0,2026-07-21 08:17:18.545000,False,LOW,NORMAL
REAL_DB,real_db_248,6,LOGIN_SUCCESS,SUCCESS,unknown,unknown,0.0,1.0,2026-07-21 07:40:17.318000,False,LOW,NORMAL
REAL_DB,real_db_359,6,LOGOUT,SUCCESS,unknown,unknown,0.0,1.0,2026-08-01 23:42:07.912000,False,LOW,NORMAL
REAL_DB,real_db_190,6,LOGOUT,SUCCESS,unknown,unknown,0.0,1.0,2026-07-09 01:54:49.894000,False,LOW,NORMAL
REAL_DB,real_db_98,1,CREATE_LEMARI,SUCCESS,unknown,unknown,0.0,1.0,2026-07-08 22:36:06.255000,False,LOW,NORMAL
REAL_DB,real_db_380,6,LOGIN_SUCCESS,SUCCESS,unknown,unknown,0.0,1.0,2026-08-02 13:20:52.562000,False,LOW,NORMAL
REAL_DB,real_db_291,85,TOLAK_PEMINJAMAN,SUCCESS,unknown,unknown,0.0,1.0,2026-07-21 08:14:00.282000,False,LOW,NORMAL
REAL_DB,real_db_322,1,LOGIN_SUCCESS,SUCCESS,unknown,unknown,0.0,1.0,2026-07-21 13:11:12.198000,False,LOW,NORMAL
REAL_DB,real_db_173,6,UPDATE_PERKARA,SUCCESS,unknown,unknown,0.0,1.0,2026-07-09 00:46:00.198000,False,LOW,NORMAL
REAL_DB,real_db_290,86,AJUKAN_PEMINJAMAN,SUCCESS,unknown,unknown,0.0,1.0,2026-07-21 08:14:00.165000,False,LOW,NORMAL
REAL_DB,real_db_178,6,PINJAM,SUCCESS,unknown,unknown,0.0,1.0,2026-07-09 00:46:04.245000,False,LOW,NORMAL
REAL_DB,real_db_397,6,ACCESS_BERKAS_FILE,SUCCESS,unknown,unknown,0.0,1.0,2026-08-02 13:22:19.903000,False,LOW,NORMAL
REAL_DB,real_db_410,1,LOGIN_SUCCESS,SUCCESS,unknown,unknown,0.0,1.0,2026-08-15 16:14:01.186000,False,LOW,NORMAL
REAL_DB,real_db_391,6,ACCESS_BERKAS_FILE,SUCCESS,unknown,unknown,0.0,1.0,2026-08-02 13:21:49.260000,False,LOW,NORMAL
REAL_DB,real_db_274,84,UPDATE_USER,SUCCESS,unknown,unknown,0.0,1.0,2026-07-21 08:13:55.182000,False,LOW,NORMAL
REAL_DB,real_db_299,84,CREATE_PERKARA,SUCCESS,unknown,unknown,0.0,1.0,2026-07-21 08:17:13.747000,False,LOW,NORMAL
REAL_DB,real_db_247,6,LOGIN_SUCCESS,SUCCESS,unknown,unknown,0.0,1.0,2026-07-21 00:45:22.167000,False,LOW,NORMAL
REAL_DB,real_db_301,84,CREATE_BERKAS,SUCCESS,unknown,unknown,0.0,1.0,2026-07-21 08:17:14.264000,False,LOW,NORMAL
REAL_DB,real_db_57,1,LOGOUT,SUCCESS,unknown,unknown,0.0,1.0,2026-07-05 20:33:07.530000,False,LOW,NORMAL
REAL_DB,real_db_176,8,AJUKAN_PEMINJAMAN,SUCCESS,unknown,unknown,0.0,1.0,2026-07-09 00:46:03.811000,False,LOW,NORMAL
REAL_DB,real_db_276,84,CREATE_LEMARI,SUCCESS,unknown,unknown,0.0,1.0,2026-07-21 08:13:55.953000,False,LOW,NORMAL
REAL_DB,real_db_358,6,UPDATE_PERKARA,SUCCESS,unknown,unknown,0.0,1.0,2026-08-01 23:41:28.807000,False,LOW,NORMAL
REAL_DB,real_db_181,1,DELETE_BERKAS,SUCCESS,unknown,unknown,0.0,1.0,2026-07-09 00:46:07.246000,False,LOW,NORMAL
REAL_DB,real_db_354,1,CREATE_USER,SUCCESS,unknown,unknown,0.0,1.0,2026-08-01 23:25:04.179000,False,LOW,NORMAL
REAL_DB,real_db_378,6,REQUEST_RESET_PASSWORD,SUCCESS,unknown,unknown,0.0,1.0,2026-08-02 13:20:04.716000,False,LOW,NORMAL
REAL_DB,real_db_188,6,CREATE_PERKARA,SUCCESS,unknown,unknown,0.0,1.0,2026-07-09 01:49:32.157000,False,LOW,NORMAL
REAL_DB,real_db_135,1,SETUJUI_PEMINJAMAN,SUCCESS,unknown,unknown,0.0,1.0,2026-07-08 23:04:54.662000,False,LOW,NORMAL
REAL_DB,real_db_89,6,LOGIN_SUCCESS,SUCCESS,unknown,unknown,0.0,1.0,2026-07-08 17:27:38.825000,False,LOW,NORMAL
REAL_DB,real_db_144,1,UPDATE_USER,SUCCESS,unknown,unknown,0.0,1.0,2026-07-09 00:26:19.126000,False,LOW,NORMAL
REAL_DB,real_db_384,6,ACCESS_BERKAS_FILE,SUCCESS,unknown,unknown,0.0,1.0,2026-08-02 13:21:03.876000,False,LOW,NORMAL
REAL_DB,real_db_168,6,CREATE_LEMARI,SUCCESS,unknown,unknown,0.0,1.0,2026-07-09 00:45:52.495000,False,LOW,NORMAL
REAL_DB,real_db_272,84,LOGOUT,SUCCESS,unknown,unknown,0.0,1.0,2026-07-21 08:13:52.217000,False,LOW,NORMAL
REAL_DB,real_db_278,84,UPDATE_RAK,SUCCESS,unknown,unknown,0.0,1.0,2026-07-21 08:13:56.666000,False,LOW,NORMAL
REAL_DB,real_db_194,8,AJUKAN_PEMINJAMAN,SUCCESS,unknown,unknown,0.0,1.0,2026-07-09 01:59:13.786000,False,LOW,NORMAL
REAL_DB,real_db_318,84,DELETE_LEMARI,SUCCESS,unknown,unknown,0.0,1.0,2026-07-21 08:17:18.630000,False,LOW,NORMAL
REAL_DB,real_db_104,1,CREATE_LEMARI,SUCCESS,unknown,unknown,0.0,1.0,2026-07-08 22:44:45.067000,False,LOW,NORMAL
REAL_DB,real_db_396,6,ACCESS_BERKAS_FILE,SUCCESS,unknown,unknown,0.0,1.0,2026-08-02 13:22:18.102000,False,LOW,NORMAL
REAL_DB,real_db_125,1,UPDATE_USER,SUCCESS,unknown,unknown,0.0,1.0,2026-07-08 23:04:46.729000,False,LOW,NORMAL
REAL_DB,real_db_327,1,CREATE_PERKARA,SUCCESS,unknown,unknown,0.0,1.0,2026-07-21 15:39:22.539000,False,LOW,NORMAL
REAL_DB,real_db_146,1,CREATE_USER,SUCCESS,unknown,unknown,0.0,1.0,2026-07-09 00:34:43.148000,False,LOW,NORMAL
REAL_DB,real_db_279,84,CREATE_PERKARA,SUCCESS,unknown,unknown,0.0,1.0,2026-07-21 08:13:57.951000,False,LOW,NORMAL
REAL_DB,real_db_347,1,LOGIN_SUCCESS,SUCCESS,unknown,unknown,0.0,1.0,2026-08-01 20:48:55.029000,False,LOW,NORMAL
REAL_DB,real_db_252,84,UPDATE_USER,SUCCESS,unknown,unknown,0.0,1.0,2026-07-21 08:02:11.725000,False,LOW,NORMAL
REAL_DB,real_db_70,1,LOGOUT,SUCCESS,unknown,unknown,0.0,1.0,2026-07-05 22:05:17.083000,False,LOW,NORMAL
REAL_DB,real_db_95,1,UPDATE_RAK,SUCCESS,unknown,unknown,0.0,1.0,2026-07-08 21:52:40.711000,False,LOW,NORMAL
REAL_DB,real_db_88,1,LOGOUT,SUCCESS,unknown,unknown,0.0,1.0,2026-07-08 17:26:57.218000,False,LOW,NORMAL
REAL_DB,real_db_263,84,UPDATE_LEMARI,SUCCESS,unknown,unknown,0.0,1.0,2026-07-21 08:10:36.932000,False,LOW,NORMAL
REAL_DB,real_db_203,6,LOGOUT,SUCCESS,unknown,unknown,0.0,1.0,2026-07-12 13:13:05.288000,False,LOW,NORMAL
REAL_DB,real_db_319,1,LOGIN_SUCCESS,SUCCESS,unknown,unknown,0.0,1.0,2026-07-21 08:51:47.414000,False,LOW,NORMAL
REAL_DB,real_db_192,8,SETUP_2FA_GENERATE,SUCCESS,unknown,unknown,0.0,1.0,2026-07-09 01:55:16.523000,False,LOW,NORMAL
REAL_DB,real_db_292,84,LOGOUT,SUCCESS,unknown,unknown,0.0,1.0,2026-07-21 08:17:11.114000,False,LOW,NORMAL
REAL_DB,real_db_111,1,DELETE_BERKAS,SUCCESS,unknown,unknown,0.0,1.0,2026-07-08 22:44:53.374000,False,LOW,NORMAL
REAL_DB,real_db_156,6,UPDATE_RAK,SUCCESS,unknown,unknown,0.0,1.0,2026-07-09 00:38:35.562000,False,LOW,NORMAL
REAL_DB,real_db_340,1,AKTIVASI_OTP,SUCCESS,unknown,unknown,0.0,1.0,2026-07-30 14:10:48.260000,False,LOW,NORMAL
REAL_DB,real_db_271,84,UPDATE_BERKAS,SUCCESS,unknown,unknown,0.0,1.0,2026-07-21 08:10:39.490000,False,LOW,NORMAL
REAL_DB,real_db_184,1,DELETE_RAK,SUCCESS,unknown,unknown,0.0,1.0,2026-07-09 00:46:21.527000,False,LOW,NORMAL
REAL_DB,real_db_101,1,UPDATE_PERKARA,SUCCESS,unknown,unknown,0.0,1.0,2026-07-08 22:36:09.651000,False,LOW,NORMAL
REAL_DB,real_db_150,6,UPDATE_RAK,SUCCESS,unknown,unknown,0.0,1.0,2026-07-09 00:34:54.426000,False,LOW,NORMAL
REAL_DB,real_db_406,1,KEPUTUSAN_ANOMALI_OVERRIDE,SUCCESS,unknown,unknown,0.0,1.0,2026-08-09 11:57:09.091000,False,LOW,NORMAL
REAL_DB,real_db_197,6,PENGEMBALIAN,SUCCESS,unknown,unknown,0.0,1.0,2026-07-09 02:00:21.593000,False,LOW,NORMAL
REAL_DB,real_db_86,1,LOGIN_SUCCESS,SUCCESS,unknown,unknown,0.0,1.0,2026-07-08 17:23:07.819000,False,LOW,NORMAL
REAL_DB,real_db_415,1,LOGIN_SUCCESS,SUCCESS,unknown,unknown,0.0,1.0,2026-08-15 19:25:12.760000,False,LOW,NORMAL
REAL_DB,real_db_202,6,LOGIN_SUCCESS,SUCCESS,unknown,unknown,0.0,1.0,2026-07-12 12:19:00.433000,False,LOW,NORMAL
REAL_DB,real_db_331,8,LOGIN_SUCCESS,SUCCESS,unknown,unknown,0.0,1.0,2026-07-28 16:11:26.571000,False,LOW,NORMAL
REAL_DB,real_db_55,1,LOGIN_SUCCESS,SUCCESS,unknown,unknown,0.0,1.0,2026-07-05 17:09:56.023000,False,LOW,NORMAL
REAL_DB,real_db_388,6,ACCESS_BERKAS_FILE,SUCCESS,unknown,unknown,0.0,1.0,2026-08-02 13:21:47.661000,False,LOW,NORMAL
REAL_DB,real_db_375,1,ACCESS_BERKAS_FILE,SUCCESS,unknown,unknown,0.0,1.0,2026-08-02 13:17:14.964000,False,LOW,NORMAL
REAL_DB,real_db_392,6,ACCESS_BERKAS_FILE,SUCCESS,unknown,unknown,0.0,1.0,2026-08-02 13:21:49.443000,False,LOW,NORMAL
REAL_DB,real_db_161,8,ACCESS_BERKAS_FILE,SUCCESS,unknown,unknown,0.0,1.0,2026-07-09 00:38:41.269000,False,LOW,NORMAL
REAL_DB,real_db_285,84,UPDATE_BERKAS,SUCCESS,unknown,unknown,0.0,1.0,2026-07-21 08:13:58.928000,False,LOW,NORMAL
REAL_DB,real_db_376,1,VERIFIKASI_INTEGRITAS_BERKAS,VALID,"Mozilla/5.0 (Windows NT 10.0; Win64; x64) AppleWebKit/537.36 (KHTML, like Gecko) Chrome/148.0.7778.265 Electron/42.4.1 Safari/537.36",::1,0.0,1.0,2026-08-02 13:18:02.272000,False,LOW,NORMAL
REAL_DB,real_db_311,85,TOLAK_PEMINJAMAN,SUCCESS,unknown,unknown,0.0,1.0,2026-07-21 08:17:17.481000,False,LOW,NORMAL
REAL_DB,real_db_306,86,AJUKAN_PEMINJAMAN,SUCCESS,unknown,unknown,0.0,1.0,2026-07-21 08:17:16.542000,False,LOW,NORMAL
REAL_DB,real_db_164,6,PINJAM,SUCCESS,unknown,unknown,0.0,1.0,2026-07-09 00:38:46.500000,False,LOW,NORMAL
REAL_DB,real_db_264,84,UPDATE_RAK,SUCCESS,unknown,unknown,0.0,1.0,2026-07-21 08:10:37.074000,False,LOW,NORMAL
REAL_DB,real_db_159,6,UPDATE_PERKARA,SUCCESS,unknown,unknown,0.0,1.0,2026-07-09 00:38:38.617000,False,LOW,NORMAL
REAL_DB,real_db_96,1,CREATE_LEMARI,SUCCESS,unknown,unknown,0.0,1.0,2026-07-08 21:55:27.401000,False,LOW,NORMAL
REAL_DB,real_db_341,1,LOGIN_SUCCESS,SUCCESS,unknown,unknown,0.0,1.0,2026-08-01 20:34:19.746000,False,LOW,NORMAL
REAL_DB,real_db_121,1,CREATE_BERKAS,SUCCESS,unknown,unknown,0.0,1.0,2026-07-08 22:59:50.239000,False,LOW,NORMAL
REAL_DB,real_db_243,1,LOGIN_SUCCESS,SUCCESS,unknown,unknown,0.0,1.0,2026-07-21 00:31:42.074000,False,LOW,NORMAL
REAL_DB,real_db_107,1,UPDATE_PERKARA,SUCCESS,unknown,unknown,0.0,1.0,2026-07-08 22:44:50.112000,False,LOW,NORMAL
REAL_DB,real_db_333,8,AKTIVASI_OTP,SUCCESS,unknown,unknown,0.0,1.0,2026-07-28 17:28:53.276000,False,LOW,NORMAL
REAL_DB,real_db_365,1,ACCESS_BERKAS_FILE,SUCCESS,unknown,unknown,0.0,1.0,2026-08-02 13:09:02.445000,False,LOW,NORMAL
