scope,group,n,min,max,mean,median,std,p1,p5,p25,p50,p75,p90,p95,p99
train,ALL,10503,0.016725,119.114815,0.942173,0.600959,2.323879,0.132756,0.22086,0.422456,0.600959,0.831145,1.148137,3.049953,7.691971
train:Normal,ALL,9454,0.016725,4.748085,0.682173,0.577165,0.584391,0.130898,0.215692,0.408653,0.577165,0.780219,0.986274,1.165526,3.922901
train:anomaly,ALL,1049,0.103909,119.114815,3.285393,1.204078,6.700244,0.219559,0.350357,0.707544,1.204078,3.408727,7.699805,11.828373,29.069329
validation,ALL,2266,0.030248,26.122845,0.944267,0.630265,1.566019,0.126907,0.22985,0.455779,0.630265,0.847958,1.175123,3.226661,8.674159
validation:Normal,ALL,2030,0.030248,5.096465,0.699009,0.603694,0.570838,0.1196,0.222089,0.438593,0.603694,0.798308,0.989075,1.191544,3.966138
validation:anomaly,ALL,236,0.124606,26.122845,3.053901,1.327091,3.971959,0.231188,0.382047,0.716385,1.327091,3.704772,8.504407,10.967259,17.26485
test,ALL,2231,0.024888,46.937843,0.937889,0.589343,2.010798,0.104993,0.214064,0.411701,0.589343,0.803702,1.107083,3.187838,8.649808
test:Normal,ALL,2016,0.024888,4.556078,0.663547,0.560323,0.572042,0.099691,0.207905,0.397264,0.560323,0.757623,0.955267,1.118273,3.816717
test:anomaly,ALL,215,0.121587,46.937843,3.510325,1.255851,5.61826,0.184286,0.361913,0.684729,1.255851,3.91053,8.696682,11.335483,26.996589
