gap,evidence,impact,confidence,recommendation
hash chain audit log tidak terepresentasi dataset synthetic,48_activity_file_schema_audit.csv; 55_hash_chain_flow.md; kolom hash_sebelumnya/hash_entri hanya di DB,VAE tidak dapat memperhatikan dimensi integritas jejak audit sama sekali,HIGH,Jika ingin direpresentasikan tambahkan fitur turunan rantai (bukan nilai hash mentah) pada desain dataset baru
file hash berkas tidak ada di kedua dataset,56/57; berkas.hash_sha256 hanya di tabel berkas,Tidak ada jalur bagi model untuk mengenali peristiwa integritas file,HIGH,Pisahkan lingkup: integritas file ditangani mekanisme hash deterministik bukan VAE
path/filename tidak tersedia di synthetic maupun audit_log real,52_path_usage_audit.csv; schema audit_log tanpa kolom path; path_file hanya di tabel berkas (3 baris),Analisis same-path change mustahil dilakukan pada level log; hanya mungkin level aplikasi/tabel berkas,VHIGH,Deklarasikan eksplisit bahwa analisis path berbasis tabel berkas bukan audit log
objek logis tidak terepresentasi synthetic,51_activity_object_relationship.csv; real 100% punya target_tipe/target_id (7 tipe; 42 id unik) vs synthetic hanya object_count angka,Keterkaitan aktivitas-objek hilang dari data latihan,VHIGH,Sertakan target_tipe/target_id (atau kategorinya) bila regenerasi dataset
aktivitas real tidak ada di synthetic (23+ aksi: peminjaman penuh,2FA/password,lemari/rak,retensi,keputusan anomali),50_activity_vocabulary_comparison.csv,Cakupan deteksi perilaku tidak mencakup modul inti,HIGH,Selaraskan kamus generator dengan aksi backend yang benar-benar terlog
aktivitas synthetic tidak pernah terekam nyata (Dashboard,Lihat Perkara,Kelola Kode Klasifikasi) dan POTENSI_ANOMALI_HASH_BERKAS/VERIFIKASI tak ada di synthetic,50; backend grep createAuditLog,Model belajar aktivitas fiktif dan kehilangan aksi kritis,HIGH,Gabungkan dua arah penyelarasan kosakata
synthetic memiliki atribut yang tidak dicatat audit_log real,48 vs skema audit_log; username,session_id,duration_ms variatif,ip 192.168.x,device nyata hanya ada di synthetic,Ekspektasi atribut antara training dan inference berbeda,HIGH,Dokumentasikan kontrak fitur preprocessing vs ketersediaan aktual log produksi
detail hash expected/actual tidak dipersist aplikasi,auditLogService.js INSERT tanpa kolom detail; berkasController.js:859-868,Bukti forensik mismatch hash hanya tersimpan untuk jalur verifikasi manual (verifikasi_integritas_berkas),HIGH,Bila dibutuhkan jejak lengkap tambahkan penyimpanan detail pada skema log - keputusan di luar tahap audit
penamaan aksi POTENSI_ANOMALI_HASH_BERKAS berpotensi tertukar dengan anomali VAE,56_same_path_hash_detection_analysis.md tabel pemisahan,Konfusi konseptual hash-integrity vs anomaly-detection pada interpretasi hasil,VHIGH,Pisahkan terminologi dalam laporan: integrity detection = kriptografi; anomaly detection = statistik
