source_id,reason
synth_11,V5 anomaly base source; excluded from all normal partitions
synth_40,V5 anomaly base source; excluded from all normal partitions
synth_42,V5 anomaly base source; excluded from all normal partitions
synth_48,V5 anomaly base source; excluded from all normal partitions
synth_54,V5 anomaly base source; excluded from all normal partitions
synth_57,V5 anomaly base source; excluded from all normal partitions
synth_70,V5 anomaly base source; excluded from all normal partitions
synth_77,V5 anomaly base source; excluded from all normal partitions
synth_110,V5 anomaly base source; excluded from all normal partitions
synth_113,V5 anomaly base source; excluded from all normal partitions
synth_126,V5 anomaly base source; excluded from all normal partitions
synth_132,V5 anomaly base source; excluded from all normal partitions
synth_149,V5 anomaly base source; excluded from all normal partitions
synth_165,V5 anomaly base source; excluded from all normal partitions
synth_185,V5 anomaly base source; excluded from all normal partitions
synth_186,V5 anomaly base source; excluded from all normal partitions
synth_193,V5 anomaly base source; excluded from all normal partitions
synth_197,V5 anomaly base source; excluded from all normal partitions
synth_201,V5 anomaly base source; excluded from all normal partitions
synth_204,V5 anomaly base source; excluded from all normal partitions
synth_241,V5 anomaly base source; excluded from all normal partitions
synth_272,V5 anomaly base source; excluded from all normal partitions
synth_273,V5 anomaly base source; excluded from all normal partitions
synth_317,V5 anomaly base source; excluded from all normal partitions
synth_323,V5 anomaly base source; excluded from all normal partitions
synth_341,V5 anomaly base source; excluded from all normal partitions
synth_350,V5 anomaly base source; excluded from all normal partitions
synth_394,V5 anomaly base source; excluded from all normal partitions
synth_399,V5 anomaly base source; excluded from all normal partitions
synth_402,V5 anomaly base source; excluded from all normal partitions
synth_422,V5 anomaly base source; excluded from all normal partitions
synth_428,V5 anomaly base source; excluded from all normal partitions
synth_439,V5 anomaly base source; excluded from all normal partitions
synth_442,V5 anomaly base source; excluded from all normal partitions
synth_453,V5 anomaly base source; excluded from all normal partitions
synth_480,V5 anomaly base source; excluded from all normal partitions
synth_483,V5 anomaly base source; excluded from all normal partitions
synth_501,V5 anomaly base source; excluded from all normal partitions
synth_506,V5 anomaly base source; excluded from all normal partitions
synth_508,V5 anomaly base source; excluded from all normal partitions
synth_519,V5 anomaly base source; excluded from all normal partitions
synth_540,V5 anomaly base source; excluded from all normal partitions
synth_564,V5 anomaly base source; excluded from all normal partitions
synth_571,V5 anomaly base source; excluded from all normal partitions
synth_589,V5 anomaly base source; excluded from all normal partitions
synth_594,V5 anomaly base source; excluded from all normal partitions
synth_599,V5 anomaly base source; excluded from all normal partitions
synth_646,V5 anomaly base source; excluded from all normal partitions
synth_653,V5 anomaly base source; excluded from all normal partitions
synth_670,V5 anomaly base source; excluded from all normal partitions
synth_689,V5 anomaly base source; excluded from all normal partitions
synth_727,V5 anomaly base source; excluded from all normal partitions
synth_780,V5 anomaly base source; excluded from all normal partitions
synth_798,V5 anomaly base source; excluded from all normal partitions
synth_826,V5 anomaly base source; excluded from all normal partitions
synth_828,V5 anomaly base source; excluded from all normal partitions
synth_844,V5 anomaly base source; excluded from all normal partitions
synth_853,V5 anomaly base source; excluded from all normal partitions
synth_880,V5 anomaly base source; excluded from all normal partitions
synth_896,V5 anomaly base source; excluded from all normal partitions
synth_903,V5 anomaly base source; excluded from all normal partitions
synth_919,V5 anomaly base source; excluded from all normal partitions
synth_957,V5 anomaly base source; excluded from all normal partitions
synth_963,V5 anomaly base source; excluded from all normal partitions
synth_967,V5 anomaly base source; excluded from all normal partitions
synth_979,V5 anomaly base source; excluded from all normal partitions
synth_1002,V5 anomaly base source; excluded from all normal partitions
synth_1004,V5 anomaly base source; excluded from all normal partitions
synth_1011,V5 anomaly base source; excluded from all normal partitions
synth_1036,V5 anomaly base source; excluded from all normal partitions
synth_1041,V5 anomaly base source; excluded from all normal partitions
synth_1048,V5 anomaly base source; excluded from all normal partitions
synth_1095,V5 anomaly base source; excluded from all normal partitions
synth_1096,V5 anomaly base source; excluded from all normal partitions
synth_1113,V5 anomaly base source; excluded from all normal partitions
synth_1125,V5 anomaly base source; excluded from all normal partitions
synth_1129,V5 anomaly base source; excluded from all normal partitions
synth_1134,V5 anomaly base source; excluded from all normal partitions
synth_1146,V5 anomaly base source; excluded from all normal partitions
synth_1162,V5 anomaly base source; excluded from all normal partitions
synth_1167,V5 anomaly base source; excluded from all normal partitions
synth_1191,V5 anomaly base source; excluded from all normal partitions
synth_1209,V5 anomaly base source; excluded from all normal partitions
synth_1215,V5 anomaly base source; excluded from all normal partitions
synth_1218,V5 anomaly base source; excluded from all normal partitions
synth_1219,V5 anomaly base source; excluded from all normal partitions
synth_1245,V5 anomaly base source; excluded from all normal partitions
synth_1263,V5 anomaly base source; excluded from all normal partitions
synth_1303,V5 anomaly base source; excluded from all normal partitions
synth_1322,V5 anomaly base source; excluded from all normal partitions
synth_1369,V5 anomaly base source; excluded from all normal partitions
synth_1374,V5 anomaly base source; excluded from all normal partitions
synth_1382,V5 anomaly base source; excluded from all normal partitions
synth_1384,V5 anomaly base source; excluded from all normal partitions
synth_1414,V5 anomaly base source; excluded from all normal partitions
synth_1424,V5 anomaly base source; excluded from all normal partitions
synth_1474,V5 anomaly base source; excluded from all normal partitions
synth_1485,V5 anomaly base source; excluded from all normal partitions
synth_1492,V5 anomaly base source; excluded from all normal partitions
synth_1514,V5 anomaly base source; excluded from all normal partitions
synth_1519,V5 anomaly base source; excluded from all normal partitions
synth_1526,V5 anomaly base source; excluded from all normal partitions
synth_1536,V5 anomaly base source; excluded from all normal partitions
synth_1540,V5 anomaly base source; excluded from all normal partitions
synth_1541,V5 anomaly base source; excluded from all normal partitions
synth_1551,V5 anomaly base source; excluded from all normal partitions
synth_1554,V5 anomaly base source; excluded from all normal partitions
synth_1562,V5 anomaly base source; excluded from all normal partitions
synth_1592,V5 anomaly base source; excluded from all normal partitions
synth_1604,V5 anomaly base source; excluded from all normal partitions
synth_1607,V5 anomaly base source; excluded from all normal partitions
synth_1628,V5 anomaly base source; excluded from all normal partitions
synth_1632,V5 anomaly base source; excluded from all normal partitions
synth_1647,V5 anomaly base source; excluded from all normal partitions
synth_1652,V5 anomaly base source; excluded from all normal partitions
synth_1662,V5 anomaly base source; excluded from all normal partitions
synth_1663,V5 anomaly base source; excluded from all normal partitions
synth_1669,V5 anomaly base source; excluded from all normal partitions
synth_1671,V5 anomaly base source; excluded from all normal partitions
synth_1673,V5 anomaly base source; excluded from all normal partitions
synth_1693,V5 anomaly base source; excluded from all normal partitions
synth_1697,V5 anomaly base source; excluded from all normal partitions
synth_1750,V5 anomaly base source; excluded from all normal partitions
synth_1763,V5 anomaly base source; excluded from all normal partitions
synth_1783,V5 anomaly base source; excluded from all normal partitions
synth_1790,V5 anomaly base source; excluded from all normal partitions
synth_1793,V5 anomaly base source; excluded from all normal partitions
synth_1799,V5 anomaly base source; excluded from all normal partitions
synth_1815,V5 anomaly base source; excluded from all normal partitions
synth_1856,V5 anomaly base source; excluded from all normal partitions
synth_1859,V5 anomaly base source; excluded from all normal partitions
synth_1883,V5 anomaly base source; excluded from all normal partitions
synth_1885,V5 anomaly base source; excluded from all normal partitions
synth_1899,V5 anomaly base source; excluded from all normal partitions
synth_1905,V5 anomaly base source; excluded from all normal partitions
synth_1909,V5 anomaly base source; excluded from all normal partitions
synth_1938,V5 anomaly base source; excluded from all normal partitions
synth_1949,V5 anomaly base source; excluded from all normal partitions
synth_1957,V5 anomaly base source; excluded from all normal partitions
synth_1983,V5 anomaly base source; excluded from all normal partitions
synth_1984,V5 anomaly base source; excluded from all normal partitions
synth_1998,V5 anomaly base source; excluded from all normal partitions
synth_2007,V5 anomaly base source; excluded from all normal partitions
synth_2011,V5 anomaly base source; excluded from all normal partitions
synth_2025,V5 anomaly base source; excluded from all normal partitions
synth_2065,V5 anomaly base source; excluded from all normal partitions
synth_2178,V5 anomaly base source; excluded from all normal partitions
synth_2190,V5 anomaly base source; excluded from all normal partitions
synth_2204,V5 anomaly base source; excluded from all normal partitions
synth_2220,V5 anomaly base source; excluded from all normal partitions
synth_2225,V5 anomaly base source; excluded from all normal partitions
synth_2226,V5 anomaly base source; excluded from all normal partitions
synth_2232,V5 anomaly base source; excluded from all normal partitions
synth_2257,V5 anomaly base source; excluded from all normal partitions
synth_2264,V5 anomaly base source; excluded from all normal partitions
synth_2266,V5 anomaly base source; excluded from all normal partitions
synth_2276,V5 anomaly base source; excluded from all normal partitions
synth_2283,V5 anomaly base source; excluded from all normal partitions
synth_2285,V5 anomaly base source; excluded from all normal partitions
synth_2288,V5 anomaly base source; excluded from all normal partitions
synth_2307,V5 anomaly base source; excluded from all normal partitions
synth_2324,V5 anomaly base source; excluded from all normal partitions
synth_2336,V5 anomaly base source; excluded from all normal partitions
synth_2382,V5 anomaly base source; excluded from all normal partitions
synth_2388,V5 anomaly base source; excluded from all normal partitions
synth_2414,V5 anomaly base source; excluded from all normal partitions
synth_2442,V5 anomaly base source; excluded from all normal partitions
synth_2448,V5 anomaly base source; excluded from all normal partitions
synth_2449,V5 anomaly base source; excluded from all normal partitions
synth_2455,V5 anomaly base source; excluded from all normal partitions
synth_2468,V5 anomaly base source; excluded from all normal partitions
synth_2482,V5 anomaly base source; excluded from all normal partitions
synth_2495,V5 anomaly base source; excluded from all normal partitions
synth_2506,V5 anomaly base source; excluded from all normal partitions
synth_2508,V5 anomaly base source; excluded from all normal partitions
synth_2526,V5 anomaly base source; excluded from all normal partitions
synth_2542,V5 anomaly base source; excluded from all normal partitions
synth_2581,V5 anomaly base source; excluded from all normal partitions
synth_2588,V5 anomaly base source; excluded from all normal partitions
synth_2594,V5 anomaly base source; excluded from all normal partitions
synth_2610,V5 anomaly base source; excluded from all normal partitions
synth_2619,V5 anomaly base source; excluded from all normal partitions
synth_2622,V5 anomaly base source; excluded from all normal partitions
synth_2627,V5 anomaly base source; excluded from all normal partitions
synth_2633,V5 anomaly base source; excluded from all normal partitions
synth_2642,V5 anomaly base source; excluded from all normal partitions
synth_2651,V5 anomaly base source; excluded from all normal partitions
synth_2661,V5 anomaly base source; excluded from all normal partitions
synth_2688,V5 anomaly base source; excluded from all normal partitions
synth_2704,V5 anomaly base source; excluded from all normal partitions
synth_2719,V5 anomaly base source; excluded from all normal partitions
synth_2751,V5 anomaly base source; excluded from all normal partitions
synth_2755,V5 anomaly base source; excluded from all normal partitions
synth_2767,V5 anomaly base source; excluded from all normal partitions
synth_2774,V5 anomaly base source; excluded from all normal partitions
synth_2780,V5 anomaly base source; excluded from all normal partitions
synth_2804,V5 anomaly base source; excluded from all normal partitions
synth_2810,V5 anomaly base source; excluded from all normal partitions
synth_2817,V5 anomaly base source; excluded from all normal partitions
synth_2825,V5 anomaly base source; excluded from all normal partitions
synth_2841,V5 anomaly base source; excluded from all normal partitions
synth_2906,V5 anomaly base source; excluded from all normal partitions
synth_2907,V5 anomaly base source; excluded from all normal partitions
synth_2932,V5 anomaly base source; excluded from all normal partitions
synth_2945,V5 anomaly base source; excluded from all normal partitions
synth_2972,V5 anomaly base source; excluded from all normal partitions
synth_2994,V5 anomaly base source; excluded from all normal partitions
synth_2995,V5 anomaly base source; excluded from all normal partitions
synth_2999,V5 anomaly base source; excluded from all normal partitions
synth_3008,V5 anomaly base source; excluded from all normal partitions
synth_3012,V5 anomaly base source; excluded from all normal partitions
synth_3021,V5 anomaly base source; excluded from all normal partitions
synth_3076,V5 anomaly base source; excluded from all normal partitions
synth_3079,V5 anomaly base source; excluded from all normal partitions
synth_3099,V5 anomaly base source; excluded from all normal partitions
synth_3116,V5 anomaly base source; excluded from all normal partitions
synth_3136,V5 anomaly base source; excluded from all normal partitions
synth_3145,V5 anomaly base source; excluded from all normal partitions
synth_3150,V5 anomaly base source; excluded from all normal partitions
synth_3156,V5 anomaly base source; excluded from all normal partitions
synth_3190,V5 anomaly base source; excluded from all normal partitions
synth_3207,V5 anomaly base source; excluded from all normal partitions
synth_3245,V5 anomaly base source; excluded from all normal partitions
synth_3265,V5 anomaly base source; excluded from all normal partitions
synth_3297,V5 anomaly base source; excluded from all normal partitions
synth_3317,V5 anomaly base source; excluded from all normal partitions
synth_3344,V5 anomaly base source; excluded from all normal partitions
synth_3348,V5 anomaly base source; excluded from all normal partitions
synth_3369,V5 anomaly base source; excluded from all normal partitions
synth_3374,V5 anomaly base source; excluded from all normal partitions
synth_3385,V5 anomaly base source; excluded from all normal partitions
synth_3398,V5 anomaly base source; excluded from all normal partitions
synth_3400,V5 anomaly base source; excluded from all normal partitions
synth_3417,V5 anomaly base source; excluded from all normal partitions
synth_3419,V5 anomaly base source; excluded from all normal partitions
synth_3424,V5 anomaly base source; excluded from all normal partitions
synth_3428,V5 anomaly base source; excluded from all normal partitions
synth_3457,V5 anomaly base source; excluded from all normal partitions
synth_3460,V5 anomaly base source; excluded from all normal partitions
synth_3465,V5 anomaly base source; excluded from all normal partitions
synth_3472,V5 anomaly base source; excluded from all normal partitions
synth_3493,V5 anomaly base source; excluded from all normal partitions
synth_3539,V5 anomaly base source; excluded from all normal partitions
synth_3569,V5 anomaly base source; excluded from all normal partitions
synth_3570,V5 anomaly base source; excluded from all normal partitions
synth_3583,V5 anomaly base source; excluded from all normal partitions
synth_3633,V5 anomaly base source; excluded from all normal partitions
synth_3651,V5 anomaly base source; excluded from all normal partitions
synth_3691,V5 anomaly base source; excluded from all normal partitions
synth_3703,V5 anomaly base source; excluded from all normal partitions
synth_3704,V5 anomaly base source; excluded from all normal partitions
synth_3743,V5 anomaly base source; excluded from all normal partitions
synth_3768,V5 anomaly base source; excluded from all normal partitions
synth_3771,V5 anomaly base source; excluded from all normal partitions
synth_3774,V5 anomaly base source; excluded from all normal partitions
synth_3823,V5 anomaly base source; excluded from all normal partitions
synth_3841,V5 anomaly base source; excluded from all normal partitions
synth_3853,V5 anomaly base source; excluded from all normal partitions
synth_3873,V5 anomaly base source; excluded from all normal partitions
synth_3878,V5 anomaly base source; excluded from all normal partitions
synth_3881,V5 anomaly base source; excluded from all normal partitions
synth_3890,V5 anomaly base source; excluded from all normal partitions
synth_3900,V5 anomaly base source; excluded from all normal partitions
synth_3901,V5 anomaly base source; excluded from all normal partitions
synth_3916,V5 anomaly base source; excluded from all normal partitions
synth_3925,V5 anomaly base source; excluded from all normal partitions
synth_3939,V5 anomaly base source; excluded from all normal partitions
synth_3946,V5 anomaly base source; excluded from all normal partitions
synth_3983,V5 anomaly base source; excluded from all normal partitions
synth_3999,V5 anomaly base source; excluded from all normal partitions
synth_4003,V5 anomaly base source; excluded from all normal partitions
synth_4022,V5 anomaly base source; excluded from all normal partitions
synth_4045,V5 anomaly base source; excluded from all normal partitions
synth_4079,V5 anomaly base source; excluded from all normal partitions
synth_4093,V5 anomaly base source; excluded from all normal partitions
synth_4126,V5 anomaly base source; excluded from all normal partitions
synth_4138,V5 anomaly base source; excluded from all normal partitions
synth_4140,V5 anomaly base source; excluded from all normal partitions
synth_4146,V5 anomaly base source; excluded from all normal partitions
synth_4159,V5 anomaly base source; excluded from all normal partitions
synth_4184,V5 anomaly base source; excluded from all normal partitions
synth_4197,V5 anomaly base source; excluded from all normal partitions
synth_4215,V5 anomaly base source; excluded from all normal partitions
synth_4226,V5 anomaly base source; excluded from all normal partitions
synth_4244,V5 anomaly base source; excluded from all normal partitions
synth_4250,V5 anomaly base source; excluded from all normal partitions
synth_4280,V5 anomaly base source; excluded from all normal partitions
synth_4288,V5 anomaly base source; excluded from all normal partitions
synth_4290,V5 anomaly base source; excluded from all normal partitions
synth_4303,V5 anomaly base source; excluded from all normal partitions
synth_4322,V5 anomaly base source; excluded from all normal partitions
synth_4323,V5 anomaly base source; excluded from all normal partitions
synth_4331,V5 anomaly base source; excluded from all normal partitions
synth_4342,V5 anomaly base source; excluded from all normal partitions
synth_4344,V5 anomaly base source; excluded from all normal partitions
synth_4347,V5 anomaly base source; excluded from all normal partitions
synth_4351,V5 anomaly base source; excluded from all normal partitions
synth_4358,V5 anomaly base source; excluded from all normal partitions
synth_4377,V5 anomaly base source; excluded from all normal partitions
synth_4392,V5 anomaly base source; excluded from all normal partitions
synth_4434,V5 anomaly base source; excluded from all normal partitions
synth_4456,V5 anomaly base source; excluded from all normal partitions
synth_4461,V5 anomaly base source; excluded from all normal partitions
synth_4465,V5 anomaly base source; excluded from all normal partitions
synth_4483,V5 anomaly base source; excluded from all normal partitions
synth_4494,V5 anomaly base source; excluded from all normal partitions
synth_4516,V5 anomaly base source; excluded from all normal partitions
synth_4540,V5 anomaly base source; excluded from all normal partitions
synth_4550,V5 anomaly base source; excluded from all normal partitions
synth_4554,V5 anomaly base source; excluded from all normal partitions
synth_4556,V5 anomaly base source; excluded from all normal partitions
synth_4564,V5 anomaly base source; excluded from all normal partitions
synth_4612,V5 anomaly base source; excluded from all normal partitions
synth_4649,V5 anomaly base source; excluded from all normal partitions
synth_4655,V5 anomaly base source; excluded from all normal partitions
synth_4662,V5 anomaly base source; excluded from all normal partitions
synth_4670,V5 anomaly base source; excluded from all normal partitions
synth_4678,V5 anomaly base source; excluded from all normal partitions
synth_4686,V5 anomaly base source; excluded from all normal partitions
synth_4687,V5 anomaly base source; excluded from all normal partitions
synth_4705,V5 anomaly base source; excluded from all normal partitions
synth_4715,V5 anomaly base source; excluded from all normal partitions
synth_4718,V5 anomaly base source; excluded from all normal partitions
synth_4722,V5 anomaly base source; excluded from all normal partitions
synth_4752,V5 anomaly base source; excluded from all normal partitions
synth_4800,V5 anomaly base source; excluded from all normal partitions
synth_4810,V5 anomaly base source; excluded from all normal partitions
synth_4830,V5 anomaly base source; excluded from all normal partitions
synth_4844,V5 anomaly base source; excluded from all normal partitions
synth_4866,V5 anomaly base source; excluded from all normal partitions
synth_4895,V5 anomaly base source; excluded from all normal partitions
synth_4903,V5 anomaly base source; excluded from all normal partitions
synth_4906,V5 anomaly base source; excluded from all normal partitions
synth_4919,V5 anomaly base source; excluded from all normal partitions
synth_4922,V5 anomaly base source; excluded from all normal partitions
synth_4928,V5 anomaly base source; excluded from all normal partitions
synth_4931,V5 anomaly base source; excluded from all normal partitions
synth_4943,V5 anomaly base source; excluded from all normal partitions
synth_4970,V5 anomaly base source; excluded from all normal partitions
synth_4976,V5 anomaly base source; excluded from all normal partitions
synth_4978,V5 anomaly base source; excluded from all normal partitions
synth_4984,V5 anomaly base source; excluded from all normal partitions
synth_4986,V5 anomaly base source; excluded from all normal partitions
synth_5007,V5 anomaly base source; excluded from all normal partitions
synth_5047,V5 anomaly base source; excluded from all normal partitions
synth_5055,V5 anomaly base source; excluded from all normal partitions
synth_5056,V5 anomaly base source; excluded from all normal partitions
synth_5063,V5 anomaly base source; excluded from all normal partitions
synth_5070,V5 anomaly base source; excluded from all normal partitions
synth_5079,V5 anomaly base source; excluded from all normal partitions
synth_5130,V5 anomaly base source; excluded from all normal partitions
synth_5142,V5 anomaly base source; excluded from all normal partitions
synth_5159,V5 anomaly base source; excluded from all normal partitions
synth_5160,V5 anomaly base source; excluded from all normal partitions
synth_5172,V5 anomaly base source; excluded from all normal partitions
synth_5186,V5 anomaly base source; excluded from all normal partitions
synth_5197,V5 anomaly base source; excluded from all normal partitions
synth_5202,V5 anomaly base source; excluded from all normal partitions
synth_5208,V5 anomaly base source; excluded from all normal partitions
synth_5231,V5 anomaly base source; excluded from all normal partitions
synth_5258,V5 anomaly base source; excluded from all normal partitions
synth_5280,V5 anomaly base source; excluded from all normal partitions
synth_5300,V5 anomaly base source; excluded from all normal partitions
synth_5378,V5 anomaly base source; excluded from all normal partitions
synth_5382,V5 anomaly base source; excluded from all normal partitions
synth_5384,V5 anomaly base source; excluded from all normal partitions
synth_5397,V5 anomaly base source; excluded from all normal partitions
synth_5435,V5 anomaly base source; excluded from all normal partitions
synth_5472,V5 anomaly base source; excluded from all normal partitions
synth_5475,V5 anomaly base source; excluded from all normal partitions
synth_5480,V5 anomaly base source; excluded from all normal partitions
synth_5481,V5 anomaly base source; excluded from all normal partitions
synth_5500,V5 anomaly base source; excluded from all normal partitions
synth_5531,V5 anomaly base source; excluded from all normal partitions
synth_5532,V5 anomaly base source; excluded from all normal partitions
synth_5537,V5 anomaly base source; excluded from all normal partitions
synth_5551,V5 anomaly base source; excluded from all normal partitions
synth_5560,V5 anomaly base source; excluded from all normal partitions
synth_5570,V5 anomaly base source; excluded from all normal partitions
synth_5590,V5 anomaly base source; excluded from all normal partitions
synth_5602,V5 anomaly base source; excluded from all normal partitions
synth_5609,V5 anomaly base source; excluded from all normal partitions
synth_5612,V5 anomaly base source; excluded from all normal partitions
synth_5614,V5 anomaly base source; excluded from all normal partitions
synth_5619,V5 anomaly base source; excluded from all normal partitions
synth_5632,V5 anomaly base source; excluded from all normal partitions
synth_5634,V5 anomaly base source; excluded from all normal partitions
synth_5660,V5 anomaly base source; excluded from all normal partitions
synth_5673,V5 anomaly base source; excluded from all normal partitions
synth_5689,V5 anomaly base source; excluded from all normal partitions
synth_5711,V5 anomaly base source; excluded from all normal partitions
synth_5723,V5 anomaly base source; excluded from all normal partitions
synth_5751,V5 anomaly base source; excluded from all normal partitions
synth_5775,V5 anomaly base source; excluded from all normal partitions
synth_5799,V5 anomaly base source; excluded from all normal partitions
synth_5811,V5 anomaly base source; excluded from all normal partitions
synth_5831,V5 anomaly base source; excluded from all normal partitions
synth_5834,V5 anomaly base source; excluded from all normal partitions
synth_5854,V5 anomaly base source; excluded from all normal partitions
synth_5881,V5 anomaly base source; excluded from all normal partitions
synth_5890,V5 anomaly base source; excluded from all normal partitions
synth_5897,V5 anomaly base source; excluded from all normal partitions
synth_5899,V5 anomaly base source; excluded from all normal partitions
synth_5943,V5 anomaly base source; excluded from all normal partitions
synth_5948,V5 anomaly base source; excluded from all normal partitions
synth_5960,V5 anomaly base source; excluded from all normal partitions
synth_5974,V5 anomaly base source; excluded from all normal partitions
synth_5976,V5 anomaly base source; excluded from all normal partitions
synth_5981,V5 anomaly base source; excluded from all normal partitions
synth_5998,V5 anomaly base source; excluded from all normal partitions
synth_6017,V5 anomaly base source; excluded from all normal partitions
synth_6025,V5 anomaly base source; excluded from all normal partitions
synth_6026,V5 anomaly base source; excluded from all normal partitions
synth_6036,V5 anomaly base source; excluded from all normal partitions
synth_6049,V5 anomaly base source; excluded from all normal partitions
synth_6054,V5 anomaly base source; excluded from all normal partitions
synth_6060,V5 anomaly base source; excluded from all normal partitions
synth_6064,V5 anomaly base source; excluded from all normal partitions
synth_6112,V5 anomaly base source; excluded from all normal partitions
synth_6125,V5 anomaly base source; excluded from all normal partitions
synth_6128,V5 anomaly base source; excluded from all normal partitions
synth_6133,V5 anomaly base source; excluded from all normal partitions
synth_6141,V5 anomaly base source; excluded from all normal partitions
synth_6202,V5 anomaly base source; excluded from all normal partitions
synth_6239,V5 anomaly base source; excluded from all normal partitions
synth_6254,V5 anomaly base source; excluded from all normal partitions
synth_6281,V5 anomaly base source; excluded from all normal partitions
synth_6392,V5 anomaly base source; excluded from all normal partitions
synth_6426,V5 anomaly base source; excluded from all normal partitions
synth_6432,V5 anomaly base source; excluded from all normal partitions
synth_6446,V5 anomaly base source; excluded from all normal partitions
synth_6450,V5 anomaly base source; excluded from all normal partitions
synth_6452,V5 anomaly base source; excluded from all normal partitions
synth_6456,V5 anomaly base source; excluded from all normal partitions
synth_6465,V5 anomaly base source; excluded from all normal partitions
synth_6478,V5 anomaly base source; excluded from all normal partitions
synth_6513,V5 anomaly base source; excluded from all normal partitions
synth_6533,V5 anomaly base source; excluded from all normal partitions
synth_6612,V5 anomaly base source; excluded from all normal partitions
synth_6625,V5 anomaly base source; excluded from all normal partitions
synth_6635,V5 anomaly base source; excluded from all normal partitions
synth_6644,V5 anomaly base source; excluded from all normal partitions
synth_6661,V5 anomaly base source; excluded from all normal partitions
synth_6701,V5 anomaly base source; excluded from all normal partitions
synth_6725,V5 anomaly base source; excluded from all normal partitions
synth_6770,V5 anomaly base source; excluded from all normal partitions
synth_6793,V5 anomaly base source; excluded from all normal partitions
synth_6796,V5 anomaly base source; excluded from all normal partitions
synth_6797,V5 anomaly base source; excluded from all normal partitions
synth_6827,V5 anomaly base source; excluded from all normal partitions
synth_6840,V5 anomaly base source; excluded from all normal partitions
synth_6864,V5 anomaly base source; excluded from all normal partitions
synth_6904,V5 anomaly base source; excluded from all normal partitions
synth_6948,V5 anomaly base source; excluded from all normal partitions
synth_7016,V5 anomaly base source; excluded from all normal partitions
synth_7031,V5 anomaly base source; excluded from all normal partitions
synth_7035,V5 anomaly base source; excluded from all normal partitions
synth_7057,V5 anomaly base source; excluded from all normal partitions
synth_7064,V5 anomaly base source; excluded from all normal partitions
synth_7070,V5 anomaly base source; excluded from all normal partitions
synth_7077,V5 anomaly base source; excluded from all normal partitions
synth_7080,V5 anomaly base source; excluded from all normal partitions
synth_7081,V5 anomaly base source; excluded from all normal partitions
synth_7093,V5 anomaly base source; excluded from all normal partitions
synth_7095,V5 anomaly base source; excluded from all normal partitions
synth_7096,V5 anomaly base source; excluded from all normal partitions
synth_7098,V5 anomaly base source; excluded from all normal partitions
synth_7102,V5 anomaly base source; excluded from all normal partitions
synth_7109,V5 anomaly base source; excluded from all normal partitions
synth_7136,V5 anomaly base source; excluded from all normal partitions
synth_7147,V5 anomaly base source; excluded from all normal partitions
synth_7154,V5 anomaly base source; excluded from all normal partitions
synth_7171,V5 anomaly base source; excluded from all normal partitions
synth_7175,V5 anomaly base source; excluded from all normal partitions
synth_7246,V5 anomaly base source; excluded from all normal partitions
synth_7277,V5 anomaly base source; excluded from all normal partitions
synth_7280,V5 anomaly base source; excluded from all normal partitions
synth_7284,V5 anomaly base source; excluded from all normal partitions
synth_7296,V5 anomaly base source; excluded from all normal partitions
synth_7308,V5 anomaly base source; excluded from all normal partitions
synth_7322,V5 anomaly base source; excluded from all normal partitions
synth_7361,V5 anomaly base source; excluded from all normal partitions
synth_7429,V5 anomaly base source; excluded from all normal partitions
synth_7440,V5 anomaly base source; excluded from all normal partitions
synth_7505,V5 anomaly base source; excluded from all normal partitions
synth_7507,V5 anomaly base source; excluded from all normal partitions
synth_7532,V5 anomaly base source; excluded from all normal partitions
synth_7580,V5 anomaly base source; excluded from all normal partitions
synth_7599,V5 anomaly base source; excluded from all normal partitions
synth_7600,V5 anomaly base source; excluded from all normal partitions
synth_7610,V5 anomaly base source; excluded from all normal partitions
synth_7612,V5 anomaly base source; excluded from all normal partitions
synth_7625,V5 anomaly base source; excluded from all normal partitions
synth_7637,V5 anomaly base source; excluded from all normal partitions
synth_7687,V5 anomaly base source; excluded from all normal partitions
synth_7688,V5 anomaly base source; excluded from all normal partitions
synth_7697,V5 anomaly base source; excluded from all normal partitions
synth_7701,V5 anomaly base source; excluded from all normal partitions
synth_7706,V5 anomaly base source; excluded from all normal partitions
synth_7707,V5 anomaly base source; excluded from all normal partitions
synth_7728,V5 anomaly base source; excluded from all normal partitions
synth_7756,V5 anomaly base source; excluded from all normal partitions
synth_7761,V5 anomaly base source; excluded from all normal partitions
synth_7859,V5 anomaly base source; excluded from all normal partitions
synth_7879,V5 anomaly base source; excluded from all normal partitions
synth_7898,V5 anomaly base source; excluded from all normal partitions
synth_7927,V5 anomaly base source; excluded from all normal partitions
synth_7934,V5 anomaly base source; excluded from all normal partitions
synth_7945,V5 anomaly base source; excluded from all normal partitions
synth_7953,V5 anomaly base source; excluded from all normal partitions
synth_7964,V5 anomaly base source; excluded from all normal partitions
synth_7968,V5 anomaly base source; excluded from all normal partitions
synth_7984,V5 anomaly base source; excluded from all normal partitions
synth_7999,V5 anomaly base source; excluded from all normal partitions
synth_8013,V5 anomaly base source; excluded from all normal partitions
synth_8020,V5 anomaly base source; excluded from all normal partitions
synth_8035,V5 anomaly base source; excluded from all normal partitions
synth_8058,V5 anomaly base source; excluded from all normal partitions
synth_8082,V5 anomaly base source; excluded from all normal partitions
synth_8084,V5 anomaly base source; excluded from all normal partitions
synth_8088,V5 anomaly base source; excluded from all normal partitions
synth_8090,V5 anomaly base source; excluded from all normal partitions
synth_8098,V5 anomaly base source; excluded from all normal partitions
synth_8108,V5 anomaly base source; excluded from all normal partitions
synth_8110,V5 anomaly base source; excluded from all normal partitions
synth_8120,V5 anomaly base source; excluded from all normal partitions
synth_8121,V5 anomaly base source; excluded from all normal partitions
synth_8143,V5 anomaly base source; excluded from all normal partitions
synth_8153,V5 anomaly base source; excluded from all normal partitions
synth_8158,V5 anomaly base source; excluded from all normal partitions
synth_8193,V5 anomaly base source; excluded from all normal partitions
synth_8232,V5 anomaly base source; excluded from all normal partitions
synth_8242,V5 anomaly base source; excluded from all normal partitions
synth_8246,V5 anomaly base source; excluded from all normal partitions
synth_8268,V5 anomaly base source; excluded from all normal partitions
synth_8269,V5 anomaly base source; excluded from all normal partitions
synth_8296,V5 anomaly base source; excluded from all normal partitions
synth_8308,V5 anomaly base source; excluded from all normal partitions
synth_8392,V5 anomaly base source; excluded from all normal partitions
synth_8415,V5 anomaly base source; excluded from all normal partitions
synth_8429,V5 anomaly base source; excluded from all normal partitions
synth_8445,V5 anomaly base source; excluded from all normal partitions
synth_8459,V5 anomaly base source; excluded from all normal partitions
synth_8484,V5 anomaly base source; excluded from all normal partitions
synth_8514,V5 anomaly base source; excluded from all normal partitions
synth_8521,V5 anomaly base source; excluded from all normal partitions
synth_8545,V5 anomaly base source; excluded from all normal partitions
synth_8559,V5 anomaly base source; excluded from all normal partitions
synth_8576,V5 anomaly base source; excluded from all normal partitions
synth_8597,V5 anomaly base source; excluded from all normal partitions
synth_8610,V5 anomaly base source; excluded from all normal partitions
synth_8626,V5 anomaly base source; excluded from all normal partitions
synth_8636,V5 anomaly base source; excluded from all normal partitions
synth_8643,V5 anomaly base source; excluded from all normal partitions
synth_8660,V5 anomaly base source; excluded from all normal partitions
synth_8704,V5 anomaly base source; excluded from all normal partitions
synth_8723,V5 anomaly base source; excluded from all normal partitions
synth_8749,V5 anomaly base source; excluded from all normal partitions
synth_8767,V5 anomaly base source; excluded from all normal partitions
synth_8768,V5 anomaly base source; excluded from all normal partitions
synth_8801,V5 anomaly base source; excluded from all normal partitions
synth_8826,V5 anomaly base source; excluded from all normal partitions
synth_8827,V5 anomaly base source; excluded from all normal partitions
synth_8840,V5 anomaly base source; excluded from all normal partitions
synth_8851,V5 anomaly base source; excluded from all normal partitions
synth_8863,V5 anomaly base source; excluded from all normal partitions
synth_8903,V5 anomaly base source; excluded from all normal partitions
synth_8912,V5 anomaly base source; excluded from all normal partitions
synth_8921,V5 anomaly base source; excluded from all normal partitions
synth_8966,V5 anomaly base source; excluded from all normal partitions
synth_8978,V5 anomaly base source; excluded from all normal partitions
synth_8979,V5 anomaly base source; excluded from all normal partitions
synth_8989,V5 anomaly base source; excluded from all normal partitions
synth_9013,V5 anomaly base source; excluded from all normal partitions
synth_9015,V5 anomaly base source; excluded from all normal partitions
synth_9038,V5 anomaly base source; excluded from all normal partitions
synth_9090,V5 anomaly base source; excluded from all normal partitions
synth_9102,V5 anomaly base source; excluded from all normal partitions
synth_9103,V5 anomaly base source; excluded from all normal partitions
synth_9108,V5 anomaly base source; excluded from all normal partitions
synth_9111,V5 anomaly base source; excluded from all normal partitions
synth_9119,V5 anomaly base source; excluded from all normal partitions
synth_9120,V5 anomaly base source; excluded from all normal partitions
synth_9126,V5 anomaly base source; excluded from all normal partitions
synth_9156,V5 anomaly base source; excluded from all normal partitions
synth_9165,V5 anomaly base source; excluded from all normal partitions
synth_9176,V5 anomaly base source; excluded from all normal partitions
synth_9180,V5 anomaly base source; excluded from all normal partitions
synth_9199,V5 anomaly base source; excluded from all normal partitions
synth_9203,V5 anomaly base source; excluded from all normal partitions
synth_9205,V5 anomaly base source; excluded from all normal partitions
synth_9210,V5 anomaly base source; excluded from all normal partitions
synth_9215,V5 anomaly base source; excluded from all normal partitions
synth_9232,V5 anomaly base source; excluded from all normal partitions
synth_9263,V5 anomaly base source; excluded from all normal partitions
synth_9279,V5 anomaly base source; excluded from all normal partitions
synth_9282,V5 anomaly base source; excluded from all normal partitions
synth_9288,V5 anomaly base source; excluded from all normal partitions
synth_9295,V5 anomaly base source; excluded from all normal partitions
synth_9314,V5 anomaly base source; excluded from all normal partitions
synth_9320,V5 anomaly base source; excluded from all normal partitions
synth_9333,V5 anomaly base source; excluded from all normal partitions
synth_9334,V5 anomaly base source; excluded from all normal partitions
synth_9335,V5 anomaly base source; excluded from all normal partitions
synth_9345,V5 anomaly base source; excluded from all normal partitions
synth_9346,V5 anomaly base source; excluded from all normal partitions
synth_9347,V5 anomaly base source; excluded from all normal partitions
synth_9368,V5 anomaly base source; excluded from all normal partitions
synth_9373,V5 anomaly base source; excluded from all normal partitions
synth_9384,V5 anomaly base source; excluded from all normal partitions
synth_9414,V5 anomaly base source; excluded from all normal partitions
synth_9421,V5 anomaly base source; excluded from all normal partitions
synth_9430,V5 anomaly base source; excluded from all normal partitions
synth_9460,V5 anomaly base source; excluded from all normal partitions
synth_9469,V5 anomaly base source; excluded from all normal partitions
synth_9473,V5 anomaly base source; excluded from all normal partitions
synth_9505,V5 anomaly base source; excluded from all normal partitions
synth_9514,V5 anomaly base source; excluded from all normal partitions
synth_9522,V5 anomaly base source; excluded from all normal partitions
synth_9546,V5 anomaly base source; excluded from all normal partitions
synth_9549,V5 anomaly base source; excluded from all normal partitions
synth_9566,V5 anomaly base source; excluded from all normal partitions
synth_9570,V5 anomaly base source; excluded from all normal partitions
synth_9576,V5 anomaly base source; excluded from all normal partitions
synth_9589,V5 anomaly base source; excluded from all normal partitions
synth_9597,V5 anomaly base source; excluded from all normal partitions
synth_9637,V5 anomaly base source; excluded from all normal partitions
synth_9639,V5 anomaly base source; excluded from all normal partitions
synth_9648,V5 anomaly base source; excluded from all normal partitions
synth_9655,V5 anomaly base source; excluded from all normal partitions
synth_9674,V5 anomaly base source; excluded from all normal partitions
synth_9689,V5 anomaly base source; excluded from all normal partitions
synth_9723,V5 anomaly base source; excluded from all normal partitions
synth_9725,V5 anomaly base source; excluded from all normal partitions
synth_9747,V5 anomaly base source; excluded from all normal partitions
synth_9751,V5 anomaly base source; excluded from all normal partitions
synth_9754,V5 anomaly base source; excluded from all normal partitions
synth_9760,V5 anomaly base source; excluded from all normal partitions
synth_9780,V5 anomaly base source; excluded from all normal partitions
synth_9782,V5 anomaly base source; excluded from all normal partitions
synth_9815,V5 anomaly base source; excluded from all normal partitions
synth_9816,V5 anomaly base source; excluded from all normal partitions
synth_9840,V5 anomaly base source; excluded from all normal partitions
synth_9849,V5 anomaly base source; excluded from all normal partitions
synth_9897,V5 anomaly base source; excluded from all normal partitions
synth_9916,V5 anomaly base source; excluded from all normal partitions
synth_9921,V5 anomaly base source; excluded from all normal partitions
synth_9936,V5 anomaly base source; excluded from all normal partitions
synth_9944,V5 anomaly base source; excluded from all normal partitions
synth_9963,V5 anomaly base source; excluded from all normal partitions
synth_9967,V5 anomaly base source; excluded from all normal partitions
synth_9969,V5 anomaly base source; excluded from all normal partitions
synth_9986,V5 anomaly base source; excluded from all normal partitions
synth_9995,V5 anomaly base source; excluded from all normal partitions
synth_10053,V5 anomaly base source; excluded from all normal partitions
synth_10064,V5 anomaly base source; excluded from all normal partitions
synth_10073,V5 anomaly base source; excluded from all normal partitions
synth_10078,V5 anomaly base source; excluded from all normal partitions
synth_10079,V5 anomaly base source; excluded from all normal partitions
synth_10084,V5 anomaly base source; excluded from all normal partitions
synth_10132,V5 anomaly base source; excluded from all normal partitions
synth_10175,V5 anomaly base source; excluded from all normal partitions
synth_10193,V5 anomaly base source; excluded from all normal partitions
synth_10213,V5 anomaly base source; excluded from all normal partitions
synth_10231,V5 anomaly base source; excluded from all normal partitions
synth_10239,V5 anomaly base source; excluded from all normal partitions
synth_10240,V5 anomaly base source; excluded from all normal partitions
synth_10254,V5 anomaly base source; excluded from all normal partitions
synth_10255,V5 anomaly base source; excluded from all normal partitions
synth_10257,V5 anomaly base source; excluded from all normal partitions
synth_10264,V5 anomaly base source; excluded from all normal partitions
synth_10278,V5 anomaly base source; excluded from all normal partitions
synth_10279,V5 anomaly base source; excluded from all normal partitions
synth_10281,V5 anomaly base source; excluded from all normal partitions
synth_10297,V5 anomaly base source; excluded from all normal partitions
synth_10302,V5 anomaly base source; excluded from all normal partitions
synth_10307,V5 anomaly base source; excluded from all normal partitions
synth_10319,V5 anomaly base source; excluded from all normal partitions
synth_10330,V5 anomaly base source; excluded from all normal partitions
synth_10333,V5 anomaly base source; excluded from all normal partitions
synth_10342,V5 anomaly base source; excluded from all normal partitions
synth_10346,V5 anomaly base source; excluded from all normal partitions
synth_10351,V5 anomaly base source; excluded from all normal partitions
synth_10386,V5 anomaly base source; excluded from all normal partitions
synth_10388,V5 anomaly base source; excluded from all normal partitions
synth_10416,V5 anomaly base source; excluded from all normal partitions
synth_10423,V5 anomaly base source; excluded from all normal partitions
synth_10441,V5 anomaly base source; excluded from all normal partitions
synth_10460,V5 anomaly base source; excluded from all normal partitions
synth_10469,V5 anomaly base source; excluded from all normal partitions
synth_10485,V5 anomaly base source; excluded from all normal partitions
synth_10492,V5 anomaly base source; excluded from all normal partitions
synth_10501,V5 anomaly base source; excluded from all normal partitions
synth_10530,V5 anomaly base source; excluded from all normal partitions
synth_10538,V5 anomaly base source; excluded from all normal partitions
synth_10544,V5 anomaly base source; excluded from all normal partitions
synth_10548,V5 anomaly base source; excluded from all normal partitions
synth_10552,V5 anomaly base source; excluded from all normal partitions
synth_10558,V5 anomaly base source; excluded from all normal partitions
synth_10576,V5 anomaly base source; excluded from all normal partitions
synth_10579,V5 anomaly base source; excluded from all normal partitions
synth_10580,V5 anomaly base source; excluded from all normal partitions
synth_10586,V5 anomaly base source; excluded from all normal partitions
synth_10599,V5 anomaly base source; excluded from all normal partitions
synth_10613,V5 anomaly base source; excluded from all normal partitions
synth_10618,V5 anomaly base source; excluded from all normal partitions
synth_10623,V5 anomaly base source; excluded from all normal partitions
synth_10624,V5 anomaly base source; excluded from all normal partitions
synth_10626,V5 anomaly base source; excluded from all normal partitions
synth_10641,V5 anomaly base source; excluded from all normal partitions
synth_10649,V5 anomaly base source; excluded from all normal partitions
synth_10654,V5 anomaly base source; excluded from all normal partitions
synth_10680,V5 anomaly base source; excluded from all normal partitions
synth_10684,V5 anomaly base source; excluded from all normal partitions
synth_10688,V5 anomaly base source; excluded from all normal partitions
synth_10690,V5 anomaly base source; excluded from all normal partitions
synth_10692,V5 anomaly base source; excluded from all normal partitions
synth_10696,V5 anomaly base source; excluded from all normal partitions
synth_10703,V5 anomaly base source; excluded from all normal partitions
synth_10708,V5 anomaly base source; excluded from all normal partitions
synth_10724,V5 anomaly base source; excluded from all normal partitions
synth_10727,V5 anomaly base source; excluded from all normal partitions
synth_10744,V5 anomaly base source; excluded from all normal partitions
synth_10760,V5 anomaly base source; excluded from all normal partitions
synth_10764,V5 anomaly base source; excluded from all normal partitions
synth_10767,V5 anomaly base source; excluded from all normal partitions
synth_10787,V5 anomaly base source; excluded from all normal partitions
synth_10789,V5 anomaly base source; excluded from all normal partitions
synth_10804,V5 anomaly base source; excluded from all normal partitions
synth_10815,V5 anomaly base source; excluded from all normal partitions
synth_10858,V5 anomaly base source; excluded from all normal partitions
synth_10865,V5 anomaly base source; excluded from all normal partitions
synth_10900,V5 anomaly base source; excluded from all normal partitions
synth_10912,V5 anomaly base source; excluded from all normal partitions
synth_10922,V5 anomaly base source; excluded from all normal partitions
synth_10983,V5 anomaly base source; excluded from all normal partitions
synth_11013,V5 anomaly base source; excluded from all normal partitions
synth_11027,V5 anomaly base source; excluded from all normal partitions
synth_11050,V5 anomaly base source; excluded from all normal partitions
synth_11058,V5 anomaly base source; excluded from all normal partitions
synth_11073,V5 anomaly base source; excluded from all normal partitions
synth_11081,V5 anomaly base source; excluded from all normal partitions
synth_11105,V5 anomaly base source; excluded from all normal partitions
synth_11136,V5 anomaly base source; excluded from all normal partitions
synth_11160,V5 anomaly base source; excluded from all normal partitions
synth_11173,V5 anomaly base source; excluded from all normal partitions
synth_11177,V5 anomaly base source; excluded from all normal partitions
synth_11181,V5 anomaly base source; excluded from all normal partitions
synth_11274,V5 anomaly base source; excluded from all normal partitions
synth_11317,V5 anomaly base source; excluded from all normal partitions
synth_11322,V5 anomaly base source; excluded from all normal partitions
synth_11339,V5 anomaly base source; excluded from all normal partitions
synth_11355,V5 anomaly base source; excluded from all normal partitions
synth_11367,V5 anomaly base source; excluded from all normal partitions
synth_11373,V5 anomaly base source; excluded from all normal partitions
synth_11374,V5 anomaly base source; excluded from all normal partitions
synth_11376,V5 anomaly base source; excluded from all normal partitions
synth_11392,V5 anomaly base source; excluded from all normal partitions
synth_11412,V5 anomaly base source; excluded from all normal partitions
synth_11425,V5 anomaly base source; excluded from all normal partitions
synth_11429,V5 anomaly base source; excluded from all normal partitions
synth_11434,V5 anomaly base source; excluded from all normal partitions
synth_11435,V5 anomaly base source; excluded from all normal partitions
synth_11456,V5 anomaly base source; excluded from all normal partitions
synth_11468,V5 anomaly base source; excluded from all normal partitions
synth_11508,V5 anomaly base source; excluded from all normal partitions
synth_11517,V5 anomaly base source; excluded from all normal partitions
synth_11520,V5 anomaly base source; excluded from all normal partitions
synth_11540,V5 anomaly base source; excluded from all normal partitions
synth_11569,V5 anomaly base source; excluded from all normal partitions
synth_11574,V5 anomaly base source; excluded from all normal partitions
synth_11578,V5 anomaly base source; excluded from all normal partitions
synth_11604,V5 anomaly base source; excluded from all normal partitions
synth_11611,V5 anomaly base source; excluded from all normal partitions
synth_11616,V5 anomaly base source; excluded from all normal partitions
synth_11622,V5 anomaly base source; excluded from all normal partitions
synth_11630,V5 anomaly base source; excluded from all normal partitions
synth_11645,V5 anomaly base source; excluded from all normal partitions
synth_11650,V5 anomaly base source; excluded from all normal partitions
synth_11661,V5 anomaly base source; excluded from all normal partitions
synth_11669,V5 anomaly base source; excluded from all normal partitions
synth_11691,V5 anomaly base source; excluded from all normal partitions
synth_11697,V5 anomaly base source; excluded from all normal partitions
synth_11711,V5 anomaly base source; excluded from all normal partitions
synth_11714,V5 anomaly base source; excluded from all normal partitions
synth_11716,V5 anomaly base source; excluded from all normal partitions
synth_11727,V5 anomaly base source; excluded from all normal partitions
synth_11740,V5 anomaly base source; excluded from all normal partitions
synth_11775,V5 anomaly base source; excluded from all normal partitions
synth_11776,V5 anomaly base source; excluded from all normal partitions
synth_11807,V5 anomaly base source; excluded from all normal partitions
synth_11810,V5 anomaly base source; excluded from all normal partitions
synth_11814,V5 anomaly base source; excluded from all normal partitions
synth_11821,V5 anomaly base source; excluded from all normal partitions
synth_11876,V5 anomaly base source; excluded from all normal partitions
synth_11908,V5 anomaly base source; excluded from all normal partitions
synth_11915,V5 anomaly base source; excluded from all normal partitions
synth_11942,V5 anomaly base source; excluded from all normal partitions
synth_11963,V5 anomaly base source; excluded from all normal partitions
synth_11969,V5 anomaly base source; excluded from all normal partitions
synth_11976,V5 anomaly base source; excluded from all normal partitions
synth_11981,V5 anomaly base source; excluded from all normal partitions
synth_12031,V5 anomaly base source; excluded from all normal partitions
synth_12043,V5 anomaly base source; excluded from all normal partitions
synth_12044,V5 anomaly base source; excluded from all normal partitions
synth_12060,V5 anomaly base source; excluded from all normal partitions
synth_12067,V5 anomaly base source; excluded from all normal partitions
synth_12071,V5 anomaly base source; excluded from all normal partitions
synth_12075,V5 anomaly base source; excluded from all normal partitions
synth_12076,V5 anomaly base source; excluded from all normal partitions
synth_12080,V5 anomaly base source; excluded from all normal partitions
synth_12093,V5 anomaly base source; excluded from all normal partitions
synth_12135,V5 anomaly base source; excluded from all normal partitions
synth_12139,V5 anomaly base source; excluded from all normal partitions
synth_12151,V5 anomaly base source; excluded from all normal partitions
synth_12165,V5 anomaly base source; excluded from all normal partitions
synth_12168,V5 anomaly base source; excluded from all normal partitions
synth_12175,V5 anomaly base source; excluded from all normal partitions
synth_12177,V5 anomaly base source; excluded from all normal partitions
synth_12188,V5 anomaly base source; excluded from all normal partitions
synth_12210,V5 anomaly base source; excluded from all normal partitions
synth_12230,V5 anomaly base source; excluded from all normal partitions
synth_12231,V5 anomaly base source; excluded from all normal partitions
synth_12262,V5 anomaly base source; excluded from all normal partitions
synth_12265,V5 anomaly base source; excluded from all normal partitions
synth_12267,V5 anomaly base source; excluded from all normal partitions
synth_12271,V5 anomaly base source; excluded from all normal partitions
synth_12279,V5 anomaly base source; excluded from all normal partitions
synth_12289,V5 anomaly base source; excluded from all normal partitions
synth_12292,V5 anomaly base source; excluded from all normal partitions
synth_12301,V5 anomaly base source; excluded from all normal partitions
synth_12335,V5 anomaly base source; excluded from all normal partitions
synth_12348,V5 anomaly base source; excluded from all normal partitions
synth_12358,V5 anomaly base source; excluded from all normal partitions
synth_12395,V5 anomaly base source; excluded from all normal partitions
synth_12400,V5 anomaly base source; excluded from all normal partitions
synth_12432,V5 anomaly base source; excluded from all normal partitions
synth_12464,V5 anomaly base source; excluded from all normal partitions
synth_12466,V5 anomaly base source; excluded from all normal partitions
synth_12475,V5 anomaly base source; excluded from all normal partitions
synth_12480,V5 anomaly base source; excluded from all normal partitions
synth_12510,V5 anomaly base source; excluded from all normal partitions
synth_12523,V5 anomaly base source; excluded from all normal partitions
synth_12534,V5 anomaly base source; excluded from all normal partitions
synth_12544,V5 anomaly base source; excluded from all normal partitions
synth_12555,V5 anomaly base source; excluded from all normal partitions
synth_12564,V5 anomaly base source; excluded from all normal partitions
synth_12606,V5 anomaly base source; excluded from all normal partitions
synth_12607,V5 anomaly base source; excluded from all normal partitions
synth_12611,V5 anomaly base source; excluded from all normal partitions
synth_12625,V5 anomaly base source; excluded from all normal partitions
synth_12645,V5 anomaly base source; excluded from all normal partitions
synth_12684,V5 anomaly base source; excluded from all normal partitions
synth_12722,V5 anomaly base source; excluded from all normal partitions
synth_12734,V5 anomaly base source; excluded from all normal partitions
synth_12743,V5 anomaly base source; excluded from all normal partitions
synth_12745,V5 anomaly base source; excluded from all normal partitions
synth_12760,V5 anomaly base source; excluded from all normal partitions
synth_12763,V5 anomaly base source; excluded from all normal partitions
synth_12768,V5 anomaly base source; excluded from all normal partitions
synth_12791,V5 anomaly base source; excluded from all normal partitions
synth_12800,V5 anomaly base source; excluded from all normal partitions
synth_12812,V5 anomaly base source; excluded from all normal partitions
synth_12844,V5 anomaly base source; excluded from all normal partitions
synth_12868,V5 anomaly base source; excluded from all normal partitions
synth_12883,V5 anomaly base source; excluded from all normal partitions
synth_12908,V5 anomaly base source; excluded from all normal partitions
synth_12922,V5 anomaly base source; excluded from all normal partitions
synth_12941,V5 anomaly base source; excluded from all normal partitions
synth_12958,V5 anomaly base source; excluded from all normal partitions
synth_12988,V5 anomaly base source; excluded from all normal partitions
synth_13044,V5 anomaly base source; excluded from all normal partitions
synth_13053,V5 anomaly base source; excluded from all normal partitions
synth_13055,V5 anomaly base source; excluded from all normal partitions
synth_13082,V5 anomaly base source; excluded from all normal partitions
synth_13178,V5 anomaly base source; excluded from all normal partitions
synth_13189,V5 anomaly base source; excluded from all normal partitions
synth_13204,V5 anomaly base source; excluded from all normal partitions
synth_13208,V5 anomaly base source; excluded from all normal partitions
synth_13210,V5 anomaly base source; excluded from all normal partitions
synth_13221,V5 anomaly base source; excluded from all normal partitions
synth_13223,V5 anomaly base source; excluded from all normal partitions
synth_13261,V5 anomaly base source; excluded from all normal partitions
synth_13289,V5 anomaly base source; excluded from all normal partitions
synth_13295,V5 anomaly base source; excluded from all normal partitions
synth_13297,V5 anomaly base source; excluded from all normal partitions
synth_13301,V5 anomaly base source; excluded from all normal partitions
synth_13305,V5 anomaly base source; excluded from all normal partitions
synth_13309,V5 anomaly base source; excluded from all normal partitions
synth_13319,V5 anomaly base source; excluded from all normal partitions
synth_13324,V5 anomaly base source; excluded from all normal partitions
synth_13332,V5 anomaly base source; excluded from all normal partitions
synth_13346,V5 anomaly base source; excluded from all normal partitions
synth_13358,V5 anomaly base source; excluded from all normal partitions
synth_13384,V5 anomaly base source; excluded from all normal partitions
synth_13403,V5 anomaly base source; excluded from all normal partitions
synth_13431,V5 anomaly base source; excluded from all normal partitions
synth_13455,V5 anomaly base source; excluded from all normal partitions
synth_13468,V5 anomaly base source; excluded from all normal partitions
synth_13515,V5 anomaly base source; excluded from all normal partitions
synth_13575,V5 anomaly base source; excluded from all normal partitions
synth_13586,V5 anomaly base source; excluded from all normal partitions
synth_13607,V5 anomaly base source; excluded from all normal partitions
synth_13622,V5 anomaly base source; excluded from all normal partitions
synth_13625,V5 anomaly base source; excluded from all normal partitions
synth_13641,V5 anomaly base source; excluded from all normal partitions
synth_13654,V5 anomaly base source; excluded from all normal partitions
synth_13659,V5 anomaly base source; excluded from all normal partitions
synth_13664,V5 anomaly base source; excluded from all normal partitions
synth_13679,V5 anomaly base source; excluded from all normal partitions
synth_13735,V5 anomaly base source; excluded from all normal partitions
synth_13752,V5 anomaly base source; excluded from all normal partitions
synth_13762,V5 anomaly base source; excluded from all normal partitions
synth_13766,V5 anomaly base source; excluded from all normal partitions
synth_13774,V5 anomaly base source; excluded from all normal partitions
synth_13783,V5 anomaly base source; excluded from all normal partitions
synth_13800,V5 anomaly base source; excluded from all normal partitions
synth_13822,V5 anomaly base source; excluded from all normal partitions
synth_13827,V5 anomaly base source; excluded from all normal partitions
synth_13848,V5 anomaly base source; excluded from all normal partitions
synth_13865,V5 anomaly base source; excluded from all normal partitions
synth_13868,V5 anomaly base source; excluded from all normal partitions
synth_13881,V5 anomaly base source; excluded from all normal partitions
synth_13914,V5 anomaly base source; excluded from all normal partitions
synth_13923,V5 anomaly base source; excluded from all normal partitions
synth_13938,V5 anomaly base source; excluded from all normal partitions
synth_13940,V5 anomaly base source; excluded from all normal partitions
synth_13952,V5 anomaly base source; excluded from all normal partitions
synth_13994,V5 anomaly base source; excluded from all normal partitions
synth_14006,V5 anomaly base source; excluded from all normal partitions
synth_14027,V5 anomaly base source; excluded from all normal partitions
synth_14029,V5 anomaly base source; excluded from all normal partitions
synth_14080,V5 anomaly base source; excluded from all normal partitions
synth_14120,V5 anomaly base source; excluded from all normal partitions
synth_14127,V5 anomaly base source; excluded from all normal partitions
synth_14135,V5 anomaly base source; excluded from all normal partitions
synth_14180,V5 anomaly base source; excluded from all normal partitions
synth_14183,V5 anomaly base source; excluded from all normal partitions
synth_14196,V5 anomaly base source; excluded from all normal partitions
synth_14206,V5 anomaly base source; excluded from all normal partitions
synth_14222,V5 anomaly base source; excluded from all normal partitions
synth_14259,V5 anomaly base source; excluded from all normal partitions
synth_14325,V5 anomaly base source; excluded from all normal partitions
synth_14334,V5 anomaly base source; excluded from all normal partitions
synth_14343,V5 anomaly base source; excluded from all normal partitions
synth_14359,V5 anomaly base source; excluded from all normal partitions
synth_14364,V5 anomaly base source; excluded from all normal partitions
synth_14399,V5 anomaly base source; excluded from all normal partitions
synth_14421,V5 anomaly base source; excluded from all normal partitions
synth_14426,V5 anomaly base source; excluded from all normal partitions
synth_14444,V5 anomaly base source; excluded from all normal partitions
synth_14447,V5 anomaly base source; excluded from all normal partitions
synth_14480,V5 anomaly base source; excluded from all normal partitions
synth_14485,V5 anomaly base source; excluded from all normal partitions
synth_14501,V5 anomaly base source; excluded from all normal partitions
synth_14563,V5 anomaly base source; excluded from all normal partitions
synth_14565,V5 anomaly base source; excluded from all normal partitions
synth_14589,V5 anomaly base source; excluded from all normal partitions
synth_14602,V5 anomaly base source; excluded from all normal partitions
synth_14606,V5 anomaly base source; excluded from all normal partitions
synth_14615,V5 anomaly base source; excluded from all normal partitions
synth_14626,V5 anomaly base source; excluded from all normal partitions
synth_14658,V5 anomaly base source; excluded from all normal partitions
synth_14668,V5 anomaly base source; excluded from all normal partitions
synth_14683,V5 anomaly base source; excluded from all normal partitions
synth_14689,V5 anomaly base source; excluded from all normal partitions
synth_14709,V5 anomaly base source; excluded from all normal partitions
synth_14717,V5 anomaly base source; excluded from all normal partitions
synth_14721,V5 anomaly base source; excluded from all normal partitions
synth_14722,V5 anomaly base source; excluded from all normal partitions
synth_14727,V5 anomaly base source; excluded from all normal partitions
synth_14735,V5 anomaly base source; excluded from all normal partitions
synth_14746,V5 anomaly base source; excluded from all normal partitions
synth_14759,V5 anomaly base source; excluded from all normal partitions
synth_14763,V5 anomaly base source; excluded from all normal partitions
synth_14765,V5 anomaly base source; excluded from all normal partitions
synth_14768,V5 anomaly base source; excluded from all normal partitions
synth_14782,V5 anomaly base source; excluded from all normal partitions
synth_14788,V5 anomaly base source; excluded from all normal partitions
synth_14796,V5 anomaly base source; excluded from all normal partitions
synth_14805,V5 anomaly base source; excluded from all normal partitions
synth_14806,V5 anomaly base source; excluded from all normal partitions
synth_14813,V5 anomaly base source; excluded from all normal partitions
synth_14814,V5 anomaly base source; excluded from all normal partitions
synth_14842,V5 anomaly base source; excluded from all normal partitions
synth_14856,V5 anomaly base source; excluded from all normal partitions
synth_14866,V5 anomaly base source; excluded from all normal partitions
synth_14872,V5 anomaly base source; excluded from all normal partitions
synth_14875,V5 anomaly base source; excluded from all normal partitions
synth_14885,V5 anomaly base source; excluded from all normal partitions
synth_14896,V5 anomaly base source; excluded from all normal partitions
synth_14905,V5 anomaly base source; excluded from all normal partitions
synth_14910,V5 anomaly base source; excluded from all normal partitions
synth_14913,V5 anomaly base source; excluded from all normal partitions
synth_14919,V5 anomaly base source; excluded from all normal partitions
synth_14946,V5 anomaly base source; excluded from all normal partitions
synth_14947,V5 anomaly base source; excluded from all normal partitions
synth_14948,V5 anomaly base source; excluded from all normal partitions
synth_14950,V5 anomaly base source; excluded from all normal partitions
synth_14971,V5 anomaly base source; excluded from all normal partitions
