rank,feature,severity,domain_gap_score,z_score_raw,mse_ratio_raw,contribution_pct,z_rank,mse_rank,contrib_rank,train_mse,localhost_mse
1,ip_address,CRITICAL,100.0,3000000053248.0,1240582912.0,301.1357421875,1.0,1.0,0.8888888888888888,7.253296629983197e-09,8.998315811157227
2,duration_ms,CRITICAL,95.4,8.829919815063477,2032.3438720703125,532.3342895507812,0.8888888888888888,0.8888888888888888,1.0,0.0078268349170684,15.906820297241213
3,hour,HIGH,75.86,2.4678776264190674,34.12921142578125,29.2821044921875,0.7777777777777778,0.6666666666666666,0.7777777777777778,0.0256374608725309,0.8749862909317017
4,device,HIGH,66.67,0.4902298748493194,225.51235961914065,14.425704956054688,0.4444444444444444,0.7777777777777778,0.6666666666666666,0.0019114619353786,0.4310582876205444
5,user_id,HIGH,52.87,1.3623872995376587,18.646923065185547,5.336277008056641,0.6666666666666666,0.4444444444444444,0.4444444444444444,0.0085512604564428,0.1594546884298324
6,activity,MEDIUM,43.68,0.004083786625415,33.05108642578125,12.6555814743042,0.1111111111111111,0.5555555555555556,0.5555555555555556,0.0114418249577283,0.3781647384166717
7,day_of_week,MEDIUM,31.03,0.0397131741046905,10.358851432800291,3.3879916667938232,0.2222222222222222,0.3333333333333333,0.3333333333333333,0.009773040190339,0.1012374758720398
8,object_count,MEDIUM,28.74,0.8651304841041565,8.533541679382324,1.270859956741333,0.5555555555555556,0.1111111111111111,0.2222222222222222,0.00445007532835,0.037974901497364
9,status,MEDIUM,22.99,0.1675747483968734,9.872305870056152,0.1714299321174621,0.3333333333333333,0.2222222222222222,0.1111111111111111,0.0005188800860196,0.0051225428469479
