feature,train_scaled_mean,train_scaled_std,localhost_scaled_mean,localhost_scaled_std,anomaly_scaled_mean,abs_z_localhost,abs_z_anomaly
user_id,-8.719308053350971e-10,1.0,-1.3623872995376587,1.5269166231155396,0.030044835060834885,1.3623872995376587,0.030044835060834885
activity,-7.847376970460118e-09,0.9999999403953552,0.004083778243511915,0.8951228857040405,-0.23858235776424408,0.004083786625415087,0.23858235776424408
status,-4.141671183788276e-08,0.9999998807907104,-0.16757477819919586,0.0,0.041017211973667145,0.16757474839687347,0.041017256677150726
device,4.03267996773593e-09,1.0,0.49022987484931946,0.125062957406044,0.5752898454666138,0.49022987484931946,0.5752898454666138
ip_address,0.0,0.0,-3.0,0.0,1.0,3000000053248.0,999999995904.0
duration_ms,-1.4168876072417902e-09,1.0,-8.829919815063477,9.5367431640625e-07,0.07269702851772308,8.829919815063477,0.07269702851772308
object_count,1.0136195882637367e-08,1.0,-0.8651304841041565,1.7881393432617188e-07,0.05894002690911293,0.8651304841041565,0.058940015733242035
hour,8.174351195933127e-10,1.0,-2.4678776264190674,2.1069836616516113,-3.6702704429626465,2.4678776264190674,3.6702704429626465
day_of_week,1.7874581814680823e-08,1.0,-0.03971315547823906,1.0178582668304443,0.03941147029399872,0.03971317410469055,0.039411451667547226
