Feature,Test Normal Mean MSE,Localhost Mean MSE,Test Anomaly Mean MSE,Separation Ratio (Anom/Norm),Wasserstein Distance,Assessment
user_id,0.0070376028306782246,0.015036032535135746,0.028964120894670486,4.115623116497918,0.021926519776109977,MODERATE SEPARATION POWER
activity,0.006903927307575941,0.02924298867583275,0.03880716487765312,5.621027445504612,0.03190323972320027,GOOD SEPARATION POWER
status,0.0011983566218987107,0.0014808797277510166,0.04144249111413956,34.58276973383506,0.04025045716337537,GOOD SEPARATION POWER
device,0.003987507428973913,0.01378587819635868,0.062366973608732224,15.640591201301117,0.05837946697800179,GOOD SEPARATION POWER
ip_address,0.0004726177721749991,0.006798520218580961,1.000343918800354,2116.6024167833248,0.9998712761435177,EXCELLENT SEPARATION (DOMINANT FEATURE)
duration_ms,0.005593389272689819,0.009176398627460003,0.42766010761260986,76.45813419435964,0.4220667243537998,EXCELLENT SEPARATION (DOMINANT FEATURE)
object_count,0.005698154680430889,0.000853954756166786,0.291217565536499,51.10734647773328,0.2855194162475217,EXCELLENT SEPARATION (DOMINANT FEATURE)
hour,0.011315280571579933,0.03972674161195755,0.09543904662132263,8.434527629923068,0.0841237641418074,GOOD SEPARATION POWER
day_of_week,0.005506754387170076,0.007952691987156868,0.022828012704849243,4.145456851686565,0.017321260766192895,MODERATE SEPARATION POWER
